business_name,area,category,classification,observed_name,identity_similarity,resolved_cid,decision,reason,existing_cid_businesses,screenshot,screenshot_sha256,final_url
"Casitas Mar y Luz - Playa Chiquita, Puerto Viejo, Limón, Costa Rica",Playa Chiquita,hotel,exact,Hotel Casitas Mar y Luz,1.0,8515965990195848246,collision_review,CID already assigned in master,"Hidden Jungle Beach House - Playa Negra, Puerto Viejo, Limón, Costa Rica",unsigned-full/screenshots/01-b70f4dfece.jpg,19f1d5cce1e9e7fa473ef038002387d7603ec02b957ad79eefbcb84d57aa1c91,"https://www.google.com/maps/place/Hotel+Casitas+Mar+y+Luz/@9.6355893,-82.7086683,17z/data=!4m9!3m8!1s0x8fa645661ccf7329:0x762ec9f2d4ee6436!5m2!4m1!1i2!8m2!3d9.6355893!4d-82.7086683!16s%2Fg%2F12hpqzs_s?hl=en&entry=ttu&g_ep=EgoyMDI2MDcxNS4wIKXMDSoASAFQAw%3D%3D"
"Hotel Kasha - Playa Chiquita, Puerto Viejo, Limón, Costa Rica",Playa Chiquita,hotel,exact,Hotel Kasha,1.0,2789448993779357106,applied,exact + verified evidence + unique CID,,unsigned-full/screenshots/02-34a1358b0f.jpg,96e0b91824bc6e71e55292f12807c2a1b1f4a9662dff78ce734af4fb2d4e112e,"https://www.google.com/maps/place/Hotel+Kasha/@9.6385459,-82.714302,17z/data=!4m9!3m8!1s0x8fa6507783af0ae1:0x26b61d14a94a15b2!5m2!4m1!1i2!8m2!3d9.6385459!4d-82.714302!16s%2Fg%2F1tfr1h6l?hl=en&entry=ttu&g_ep=EgoyMDI2MDcxNS4wIKXMDSoASAFQAw%3D%3D"
"La Ceiba Nature Reserve - Playa Punta Uva, Puerto Viejo, Limón, Costa Rica",Punta Uva,hotel,probable,La Ceiba Reserva Natural,0.638,1693592634910607224,review,classifier=probable,,unsigned-full/screenshots/03-25e053d740.jpg,02fbdd1b574a919de1167a13201c4d648653549cf6c1e1e2c403edf73eb998dc,"https://www.google.com/maps/place/La+Ceiba+Reserva+Natural/@9.62233,-82.698296,17z/data=!3m1!4b1!4m9!3m8!1s0x8fa6450ceab4eeff:0x1780d98746108778!5m2!4m1!1i2!8m2!3d9.62233!4d-82.698296!16s%2Fg%2F11b73knj3k?authuser=0&hl=en&entry=ttu&g_ep=EgoyMDI2MDcxNS4wIKXMDSoASAFQAw%3D%3D"
"Samasati Yoga and Wellness Retreat - Hone Creek, Limón, Costa Rica",Hone Creek,hotel,probable,Samasati Retreat Center,0.561,2378802529330389577,review,classifier=probable,,unsigned-full/screenshots/04-0bceab0469.jpg,18234072f9b9fd877c88d285312ae0650be688d37d47f196b16273332539798d,"https://www.google.com/maps/place/Samasati+Retreat+Center/@9.6559269,-82.8061135,17z/data=!4m9!3m8!1s0x8fa650a4159d9805:0x2103344c0789e249!5m2!4m1!1i2!8m2!3d9.6559269!4d-82.8061135!16s%2Fg%2F1tdw93ln?hl=en&entry=ttu&g_ep=EgoyMDI2MDcxNS4wIKXMDSoASAFQAw%3D%3D"
"Villa Mena Apartments - Hone Creek, Limón, Costa Rica",Hone Creek,hotel,exact,villa mena apartamentos,0.955,2340777439094833292,applied,exact + verified evidence + unique CID,,unsigned-full/screenshots/05-e7ada7e865.jpg,45e5354ea89cecb9aa9ab4a702c01bdace7c572406d59995b3646a0c2e014bfa,"https://www.google.com/maps/place/villa+mena+apartamentos/@9.6336027,-82.8109469,17z/data=!3m1!4b1!4m6!3m5!1s0x8fa65a1a6f28a449:0x207c1cadcb7f008c!8m2!3d9.6336027!4d-82.8109469!16s%2Fg%2F1yglpdzvq?hl=en&entry=ttu&g_ep=EgoyMDI2MDcxNS4wIKXMDSoASAFQAw%3D%3D"
Estrellas Cabinas,Puerto Viejo,vacation_rental,ambiguous,Results,0.333,10951227846186482107,review,classifier=ambiguous,Cabinas Monte Sol,unsigned-full/screenshots/06-a00f3286e5.jpg,b0bb8c3629819a67240f04213941c5c05fcd8d728705461f1def3116692aa2d4,"https://www.google.com/maps/search/Estrellas+Cabinas+Puerto+Viejo+Lim%C3%B3n+Costa+Rica/@9.6475431,-82.7509733,15z/data=!3m1!4b1?hl=en&entry=ttu&g_ep=EgoyMDI2MDcxNS4wIKXMDSoASAFQAw%3D%3D"
"Cabinas Cable Talamanca - Playa Negra, Puerto Viejo, Limón, Costa Rica",Playa Negra,vacation_rental,exact,Cabinas Cable Talamanca - Entire Place,1.0,7573981416846739723,applied,exact + verified evidence + unique CID,,unsigned-full/screenshots/07-7271f999d9.jpg,4ebf3cf22200760e6afe53b2324bb55f1fcbfa191034df888edbe40ce651c511,"https://www.google.com/maps/place/Cabinas+Cable+Talamanca+-+Entire+Place/@9.6496706,-82.7625732,17z/data=!3m1!4b1!4m10!3m9!1s0x8fa650766477a15f:0x691c2ff84e8f490b!5m2!4m1!1i2!8m2!3d9.6496706!4d-82.7625732!16s%2Fg%2F11z6m2mp_v!17BQ0FF?authuser=0&hl=en&entry=ttu&g_ep=EgoyMDI2MDcxNS4wIKXMDSoASAFQAw%3D%3D"
"Las Casitas de Playa Negra - Playa Negra, Puerto Viejo, Limón, Costa Rica",Playa Negra,vacation_rental,exact,Las Casitas de Playa Negra,1.0,8689012956679917112,collision_review,CID already assigned in master,Douglasville Guesthouse,unsigned-full/screenshots/08-5cddc6005d.jpg,8d3a8b0dca8ed48cb2086ab601ac84fe0c4f3c0fb62428135fd9ddc3887b304b,"https://www.google.com/maps/place/Las+Casitas+de+Playa+Negra/@9.6518829,-82.7579579,17z/data=!4m9!3m8!1s0x8fa65074973236bf:0x7895933f6bac4e38!5m2!4m1!1i2!8m2!3d9.6518829!4d-82.7579579!16s%2Fg%2F11b6gcbx2w?hl=en&entry=ttu&g_ep=EgoyMDI2MDcxNS4wIKXMDSoASAFQAw%3D%3D"
"Los Continentes - Playa Cocles, Puerto Viejo, Limón, Costa Rica",Cocles,vacation_rental,exact,Los Continentes,1.0,16195237219481974530,applied,exact + verified evidence + unique CID,,unsigned-full/screenshots/09-281824f504.jpg,14cf6f4c51aa33ee4eff90173e22d36f7f0aafbafbf262ec8f679828b5672566,"https://www.google.com/maps/place/Los+Continentes/@9.6428166,-82.7265688,17z/data=!4m9!3m8!1s0x8fa6455702b65351:0xe0c10a71f0687702!5m2!4m1!1i2!8m2!3d9.6428166!4d-82.7265688!16s%2Fg%2F11cfdpk42?hl=en&entry=ttu&g_ep=EgoyMDI2MDcxNS4wIKXMDSoASAFQAw%3D%3D"
"Habitat Vacation Rentals - Playa Cocles, Puerto Viejo, Limón, Costa Rica",Cocles,vacation_rental,exact,Casa Cumbia Vacation Rental,0.784,5613050885601789841,applied,exact + verified evidence + unique CID,,unsigned-full/screenshots/10-6d7c3846f8.jpg,ba09ace4b44a9e92ec0441de0f4d6df67fae078f4c6f8b2cd79ac7e7835a780a,"https://www.google.com/maps/place/Casa+Cumbia+Vacation+Rental/@9.6570435,-82.7510262,17z/data=!3m1!4b1!4m6!3m5!1s0x8fa651aa4f4cdc23:0x4de5900a8e7c8791!8m2!3d9.6570435!4d-82.7510262!16s%2Fg%2F11jq_y39x0?authuser=0&hl=en&entry=ttu&g_ep=EgoyMDI2MDcxNS4wIKXMDSoASAFQAw%3D%3D"
"Casas del Caribe - Playa Chiquita, Puerto Viejo, Limón, Costa Rica",Playa Chiquita,vacation_rental,exact,CASAS del CARIBE,1.0,2489061038640189430,applied,exact + verified evidence + unique CID,,unsigned-full/screenshots/11-daec5f3541.jpg,51587b1336d472583d6f1c29bb4e2b6fc164e3413a670d90b5e98b28777a8c26,"https://www.google.com/maps/place/CASAS+del+CARIBE/@9.637519,-82.707801,17z/data=!3m1!4b1!4m6!3m5!1s0x8fa645667b778863:0x228aebd3b869cff6!8m2!3d9.637519!4d-82.707801!16s%2Fg%2F11c7s9ql5x?hl=en&entry=ttu&g_ep=EgoyMDI2MDcxNS4wIKXMDSoASAFQAw%3D%3D"
"Uva Blue Jungle Villas - Playa Chiquita, Puerto Viejo, Limón, Costa Rica",Playa Chiquita,vacation_rental,exact,Uva Blue Villas,0.811,9838950680602433731,collision_review,CID already assigned in master,"Villa Laurel - Playa Cocles, Puerto Viejo, Limón, Costa Rica",unsigned-full/screenshots/12-5e1997aaa7.jpg,da6845733b99f1ea2225395cecdcfe590aab6c9813c052a7204d256a9c4ef05e,"https://www.google.com/maps/place/Uva+Blue+Villas/@9.63743,-82.7139568,17z/data=!4m9!3m8!1s0x8fa64567825cabfd:0x888af983d7e558c3!5m2!4m1!1i2!8m2!3d9.63743!4d-82.7139568!16s%2Fg%2F11c2nrf8rg?hl=en&entry=ttu&g_ep=EgoyMDI2MDcxNS4wIKXMDSoASAFQAw%3D%3D"
"Villa del Mar - Playa Chiquita, Puerto Viejo, Limón, Costa Rica",Playa Chiquita,vacation_rental,exact,Villa del Mar Hotel Boutique,1.0,10974417683706909929,applied,exact + verified evidence + unique CID,,unsigned-full/screenshots/13-0a97d1bd09.jpg,8e03014d25d8e37ae518b969f3f31f31e6479991d7711b406b5cafd4ec51f19f,"https://www.google.com/maps/place/Villa+del+Mar+Hotel+Boutique/@9.7356602,-82.8399951,17z/data=!3m1!4b1!4m9!3m8!1s0x8fa656a0591e55a1:0x984cf6bd061d94e9!5m2!4m1!1i2!8m2!3d9.7356602!4d-82.8399951!16s%2Fg%2F11gbks3r8t?authuser=0&hl=en&entry=ttu&g_ep=EgoyMDI2MDcxNS4wIKXMDSoASAFQAw%3D%3D"
"Big Tree Wildlife Refuge - Playa Punta Uva, Puerto Viejo, Limón, Costa Rica",Punta Uva,vacation_rental,exact,Villa Toucan & Villa Macaw at BIG TREE Refuge,0.75,5233367816302543964,applied,exact + verified evidence + unique CID,,unsigned-full/screenshots/14-42faa88cf7.jpg,6df6a8d1ae808d6fc3a13670334df35e999492a1cfd6a6f4a8c28c93ec45a440,"https://www.google.com/maps/place/Villa+Toucan+%26+Villa+Macaw+at+BIG+TREE+Refuge/@9.6304418,-82.6879437,17z/data=!4m9!3m8!1s0x8fa645c14a747d43:0x48a0a84d25acc45c!5m2!4m1!1i2!8m2!3d9.6304418!4d-82.6879437!16s%2Fg%2F11j07x3sl7?hl=en&entry=ttu&g_ep=EgoyMDI2MDcxNS4wIKXMDSoASAFQAw%3D%3D"
"Ginger and Cacao - Playa Punta Uva, Puerto Viejo, Limón, Costa Rica",Punta Uva,vacation_rental,probable,Cabinas Ginger & Cacao,0.667,1074114199983889358,review,classifier=probable,,unsigned-full/screenshots/15-2849276723.jpg,c00491c7b623f554b5407e6bcd524c76126a2b53700e3fec0a21743854b27c29,"https://www.google.com/maps/place/Cabinas+Ginger+%26+Cacao/@9.6343679,-82.7009683,17z/data=!3m1!4b1!4m6!3m5!1s0x8fa6457072d427a3:0xee8052c8a3e1bce!8m2!3d9.6343679!4d-82.7009683!16s%2Fg%2F11cs18h1bh?hl=en&entry=ttu&g_ep=EgoyMDI2MDcxNS4wIKXMDSoASAFQAw%3D%3D"
"Los Proyectos Moderno - Playa Punta Uva, Puerto Viejo, Limón, Costa Rica",Punta Uva,vacation_rental,exact,Los Proyectos Moderno,1.0,17163510404658526674,applied,exact + verified evidence + unique CID,,unsigned-full/screenshots/16-2858c11994.jpg,6ad7ec98da829f906b9f8d26bc7d7e0f1934e8608541ffea927e933528ea7ae2,"https://www.google.com/maps/place/Los+Proyectos+Moderno/@9.5923914,-82.6963127,17z/data=!3m1!4b1!4m6!3m5!1s0x8fa645a58b500e39:0xee3109c6e06479d2!8m2!3d9.5923914!4d-82.6963127!16s%2Fg%2F11g2yy9dtf?hl=en&entry=ttu&g_ep=EgoyMDI2MDcxNS4wIKXMDSoASAFQAw%3D%3D"
"El Sol del Caribe - Playa Cocles, Puerto Viejo, Limón, Costa Rica",Cocles,restaurant,exact,Sol del Caribe,0.903,1216870082731283437,collision_review,CID already assigned in master,"Flor del Caribe - Playa Cocles, Puerto Viejo, Limón, Costa Rica",unsigned-full/screenshots/17-31179852a0.jpg,ee2389a01fe1ed912a1e44ef214b230f4de32c4b0d6cb4b3983f78219632a42f,"https://www.google.com/maps/place/Sol+del+Caribe/@9.6505806,-82.7373264,17z/data=!3m1!4b1!4m6!3m5!1s0x8fa65001a0e8e873:0x10e330e49aff93ed!8m2!3d9.6505806!4d-82.7373264!16s%2Fg%2F11c5206xg2?hl=en&entry=ttu&g_ep=EgoyMDI2MDcxNS4wIKXMDSoASAFQAw%3D%3D"
"Playa Negra Brewing - Playa Negra, Puerto Viejo, Limón, Costa Rica",Playa Negra,restaurant,exact,Playa Negra Brewing Beachfront Hotel,1.0,8816532573875491055,collision_review,CID already assigned in master,"Kaya's Place - Playa Negra, Puerto Viejo, Limón, Costa Rica",unsigned-full/screenshots/18-71b0720b69.jpg,3567add4b21d4fae7115a4ed03f432c5e533221b20befb4eac3b85cbbce90381,"https://www.google.com/maps/place/Playa+Negra+Brewing+Beachfront+Hotel/@9.6537453,-82.7584704,17z/data=!4m9!3m8!1s0x8fa6500ceaaaaaad:0x7a5a9da9f88250ef!5m2!4m1!1i2!8m2!3d9.6537453!4d-82.7584704!16s%2Fg%2F1tnctzbh?hl=en&entry=ttu&g_ep=EgoyMDI2MDcxNS4wIKXMDSoASAFQAw%3D%3D"
"Super Negro Hone Creek - Hone Creek, Limón, Costa Rica",Hone Creek,shopping,exact,Super Negro Hone Creek,1.0,17530375863814220827,applied,exact + verified evidence + unique CID,,unsigned-full/screenshots/19-4737e02ad7.jpg,8d90e80920cd601b9e66adb5b805ba6930f9e143d52c87fda3a113be41912355,"https://www.google.com/maps/place/Super+Negro+Hone+Creek/@9.656133,-82.798142,17z/data=!3m1!4b1!4m6!3m5!1s0x8fa650988adf6f5d:0xf34867f7ddba6c1b!8m2!3d9.656133!4d-82.798142!16s%2Fg%2F11cs6khmnl?hl=en&entry=ttu&g_ep=EgoyMDI2MDcxNS4wIKXMDSoASAFQAw%3D%3D"
"We Do Laundry - Hone Creek, Limón, Costa Rica",Hone Creek,services,probable,WeDOlaundry - Caribe,0.71,7766901451570548014,review,classifier=probable,,unsigned-full/screenshots/20-1616ae5f20.jpg,3af4e73cba8306f96e1dcc01c39ee1a48b35894c1feb0871c47c58b706b42c07,"https://www.google.com/maps/place/WeDOlaundry+-+Caribe/@9.6843049,-82.7522283,12z/data=!3m1!4b1!4m6!3m5!1s0x24d4fc8b8a07714f:0x6bc993b82a540d2e!8m2!3d9.6843049!4d-82.7522284!16s%2Fg%2F11vhxg_yh1?authuser=0&hl=en&entry=ttu&g_ep=EgoyMDI2MDcxNS4wIKXMDSoASAFQAw%3D%3D"
"Centro Educativo Playa Chiquita Punta Uva - Playa Chiquita, Puerto Viejo, Limón, Costa Rica",Playa Chiquita,services,probable,Playa Chiquita Education Center Punta Uva,0.667,15763192850089670329,review,classifier=probable,,unsigned-full/screenshots/21-78100c7eeb.jpg,b1650446c208847504f90a0cb5ead5d556f3c7a270258540cbd532729fb151e6,"https://www.google.com/maps/place/Playa+Chiquita+Education+Center+Punta+Uva/@9.6374263,-82.7074432,17z/data=!3m1!4b1!4m6!3m5!1s0x8fa64565d43b40e7:0xdac21c61539276b9!8m2!3d9.6374263!4d-82.7074432!16s%2Fg%2F11h1b5dy2?hl=en&entry=ttu&g_ep=EgoyMDI2MDcxNS4wIKXMDSoASAFQAw%3D%3D"
"Proyecto Educativo Semillas de Paz - Playa Chiquita, Puerto Viejo, Limón, Costa Rica",Playa Chiquita,services,ambiguous,Jardin Infantil Las Semillas,0.452,938478883870584374,review,classifier=ambiguous,,unsigned-full/screenshots/22-10d2a40520.jpg,7dbdb82cec9f9300b841b299778960b65db30780ffb171037b9e4c355655925e,"https://www.google.com/maps/place/Jardin+Infantil+Las+Semillas/@9.6354459,-82.7062983,17z/data=!3m1!4b1!4m6!3m5!1s0x8fa645e2c6e44175:0xd062592964fae36!8m2!3d9.6354459!4d-82.7062983!16s%2Fg%2F11gy30vvdh?hl=en&entry=ttu&g_ep=EgoyMDI2MDcxNS4wIKXMDSoASAFQAw%3D%3D"
"Ceibo Adventure - Playa Chiquita, Puerto Viejo, Limón, Costa Rica",Playa Chiquita,tour_company,ambiguous,Jungle Green House,0.364,10566257576749882719,review,classifier=ambiguous,"Green Jungle House - Playa Chiquita, Puerto Viejo, Limón, Costa Rica",unsigned-full/screenshots/23-bc944369d7.jpg,10d9b005bc177532a6fac8d6bfbf0bb059927ae917210339731fc34c29e12126,"https://www.google.com/maps/place/Jungle+Green+House/@9.6349625,-82.7129844,17z/data=!4m9!3m8!1s0x8fa64567efd1cd35:0x92a2e3489b74dd5f!5m2!4m1!1i2!8m2!3d9.6349625!4d-82.7129844!16s%2Fg%2F11c1wvxqy5?hl=en&entry=ttu&g_ep=EgoyMDI2MDcxNS4wIKXMDSoASAFQAw%3D%3D"
"Talamanca Chocolate - Playa Negra, Puerto Viejo, Limón, Costa Rica",Playa Negra,tour_company,probable,"Cacao Huasi - chocolate classes, restaurant and sunset cocktails",0.5,1242408439996904931,review,classifier=probable,Cacao Huasi,unsigned-full/screenshots/24-8f119ec845.jpg,e3a1a91201c02308cfe0150ed8cf860c6935628d919779d081c100aa81b368b8,"https://www.google.com/maps/place/Cacao+Huasi+-+chocolate+classes,+restaurant+and+sunset+cocktails/@9.6561041,-82.7558827,17z/data=!3m1!4b1!4m6!3m5!1s0x8fa65b978b269441:0x113debe4c3f675e3!8m2!3d9.6561041!4d-82.7558827!16s%2Fg%2F11fjtns6xq?hl=en&entry=ttu&g_ep=EgoyMDI2MDcxNS4wIKXMDSoASAFQAw%3D%3D"
"Servicentro Hone Creek - Hone Creek, Limón, Costa Rica",Hone Creek,services,probable,Hone Creek Gas Station,0.667,11028453782334017200,review,classifier=probable,,unsigned-full/screenshots/25-b5ba661d03.jpg,9f121f1a2db691ba887bbe9bc190b622fe45d0afee5c3726f252dd10ec1f0fff,"https://www.google.com/maps/place/Hone+Creek+Gas+Station/@9.6585528,-82.7982404,17z/data=!3m1!4b1!4m6!3m5!1s0x8fa65098166f6b9f:0x990cf048a5d50eb0!8m2!3d9.6585528!4d-82.7982404!16s%2Fg%2F1tftgck6?hl=en&entry=ttu&g_ep=EgoyMDI2MDcxNS4wIKXMDSoASAFQAw%3D%3D"
El Faro 13,Puerto Viejo,hostel,exact,El Faro 13,1.0,3318057307050382237,applied,exact + verified evidence + unique CID,,unsigned-full/screenshots/26-76d77c9214.jpg,cf1684d7ad75b63f524ceed972886b099c97552cc4f22582a2736b3f1a3ad3db,"https://www.google.com/maps/place/El+Faro+13/@9.6556743,-82.7480458,17z/data=!4m9!3m8!1s0x8fa6500fadbd8a03:0x2e0c1b8a7b20939d!5m2!4m1!1i2!8m2!3d9.6556743!4d-82.7480458!16s%2Fg%2F11bxg1l9hp?hl=en&entry=ttu&g_ep=EgoyMDI2MDcxNS4wIKXMDSoASAFQAw%3D%3D"
Hotel Cariblue,Cocles,hotel,probable,Cariblue Beach and Jungle Resort,0.5,14658668036585456092,review,classifier=probable,"Cariblue Beach and Jungle Resort - Playa Cocles, Puerto Viejo, Limón, Costa Rica",unsigned-full/screenshots/27-e277ca2efd.jpg,7b2d7bd7058c5bdd9ba3718f73d48d5bb4cd796f5d38da04a032a4807396b814,"https://www.google.com/maps/place/Cariblue+Beach+and+Jungle+Resort/@9.6501905,-82.7392681,17z/data=!4m9!3m8!1s0x8fa650013b7fc357:0xcb6e0cea110c81dc!5m2!4m1!1i2!8m2!3d9.6501905!4d-82.7392681!16s%2Fg%2F1tfwlf16?hl=en&entry=ttu&g_ep=EgoyMDI2MDcxNS4wIKXMDSoASAFQAw%3D%3D"
Hotel Posada Nena,Puerto Viejo,hotel,probable,"Posada Nena Caribe, Puerto Viejo de Talamanca - Deluxe Double Room with Balcony",0.667,11698915664369749164,review,classifier=probable,,unsigned-full/screenshots/28-af121c3253.jpg,e30e837603e7425dfb88e912ded1e416e9afa665ee7b25093f9ae1502405438c,"https://www.google.com/maps/place/Posada+Nena+Caribe,+Puerto+Viejo+de+Talamanca+-+Deluxe+Double+Room+with+Balcony/@9.65662,-82.7516632,17z/data=!4m10!3m9!1s0x8fa6500dc2eadd7d:0xa25ae5d030030cac!5m2!4m1!1i2!8m2!3d9.65662!4d-82.7516632!16s%2Fg%2F11z5r034sy!17BQ0FF?hl=en&entry=ttu&g_ep=EgoyMDI2MDcxNS4wIKXMDSoASAFQAw%3D%3D"
Hotel Sunshine Caribe,Puerto Viejo,hotel,exact,SUNSHINE CARIBE,0.833,2012278593659589679,collision_review,CID already assigned in master,"Sunshine Caribe - Playa Negra, Puerto Viejo, Limón, Costa Rica",unsigned-full/screenshots/29-5dfbd5e80f.jpg,2fd10bd769cd297efc90fffc169f5db47dfe27813b18e334c51d664a76d8d102,"https://www.google.com/maps/place/SUNSHINE+CARIBE/@9.6524246,-82.75797,17z/data=!4m9!3m8!1s0x8fa650749ea08af1:0x1bed0cb82c33d42f!5m2!4m1!1i2!8m2!3d9.6524246!4d-82.75797!16s%2Fg%2F11f53fmgr4?hl=en&entry=ttu&g_ep=EgoyMDI2MDcxNS4wIKXMDSoASAFQAw%3D%3D"
Lapalapa Beach Front Hotel,Cocles,hotel,exact,Lapalapa Beachfront,0.844,10103267938150795136,applied,exact + verified evidence + unique CID,,unsigned-full/screenshots/30-dadcf5fd71.jpg,c339d5bd044f3630ae1ec10dafa711e0f79384afb0219be035b8d19d2fbe39d9,"https://www.google.com/maps/place/Lapalapa+Beachfront/@9.7351504,-82.8452683,17z/data=!3m1!4b1!4m10!3m9!1s0x8fa6569e5359741b:0x8c3604a90c124780!5m2!4m1!1i2!8m2!3d9.7351504!4d-82.8452683!16s%2Fg%2F11nbzyh4ny!17BQ0FF?authuser=0&hl=en&entry=ttu&g_ep=EgoyMDI2MDcxNS4wIKXMDSoASAFQAw%3D%3D"
Le Cameleon Boutique Hotel,Cocles,hotel,exact,Le Cameleon Hotel Puerto Viejo,0.75,4837747133838124638,collision_review,CID already assigned in master,"Le Caméléon - Playa Cocles, Puerto Viejo, Limón, Costa Rica",unsigned-full/screenshots/31-69b7bf1985.jpg,543efb2e39c95cb1fa7754275ba92aaaefdab0d05ad98cd6a76c7436bd592b39,"https://www.google.com/maps/place/Le+Cameleon+Hotel+Puerto+Viejo/@9.6440801,-82.7279641,17z/data=!4m9!3m8!1s0x8fa65aa348583b73:0x432321630195e65e!5m2!4m1!1i2!8m2!3d9.6440801!4d-82.7279641!16s%2Fg%2F1xg5tr7v?hl=en&entry=ttu&g_ep=EgoyMDI2MDcxNS4wIKXMDSoASAFQAw%3D%3D"
Paula's and Daniel's Homestay,Puerto Viejo,hotel,ambiguous,Results,0.167,1261667056997797786,review,classifier=ambiguous,La Casa de Rolando,unsigned-full/screenshots/32-396fb2e9cf.jpg,a2c4fc31df0299731cb60794a5a4eb43fdb7208f6b30fbfedb30c5ef30ee7358,"https://www.google.com/maps/search/Paula's+and+Daniel's+Homestay+Puerto+Viejo+Lim%C3%B3n+Costa+Rica/@9.6444198,-82.7432862,14z/data=!3m1!4b1?hl=en&entry=ttu&g_ep=EgoyMDI2MDcxNS4wIKXMDSoASAFQAw%3D%3D"
Vista Verde,Puerto Viejo,hotel,exact,Vista Verde,1.0,5511726850680415410,applied,exact + verified evidence + unique CID,,unsigned-full/screenshots/33-5e295f989c.jpg,6ef7bed68e8833d1eb02b449cadcc4987daee8028add7ec5a869e188de45a2ff,"https://www.google.com/maps/place/Vista+Verde/@9.6582355,-82.7490158,17z/data=!4m10!3m9!1s0x8fa65011d9ae9891:0x4c7d965e49c9e4b2!5m2!4m1!1i2!8m2!3d9.6582355!4d-82.7490158!16s%2Fg%2F11z21j2ml8!17BQ0FF?hl=en&entry=ttu&g_ep=EgoyMDI2MDcxNS4wIKXMDSoASAFQAw%3D%3D"
Café Rico,Puerto Viejo,restaurant,exact,Cafe Rico,1.0,5741623948918730601,collision_review,CID already assigned in master,Cafe Rico,unsigned-full/screenshots/34-bc68ef7988.jpg,022f617d89fa7fc20afc08cbf2a8813ef3d45a7f3de7966950d2e548c763e8a2,"https://www.google.com/maps/place/Cafe+Rico/@9.6571732,-82.7527759,17z/data=!3m1!4b1!4m6!3m5!1s0x8fa6500d8e047c1d:0x4fae588fa52d2f69!8m2!3d9.6571732!4d-82.7527759!16s%2Fg%2F11b67k5_0x?hl=en&entry=ttu&g_ep=EgoyMDI2MDcxNS4wIKXMDSoASAFQAw%3D%3D"
Chili Rojo,Puerto Viejo,restaurant,probable,Umi Rojo,0.667,2449275981368445735,review,classifier=probable,Chile Rojo,unsigned-full/screenshots/35-868d1b1e21.jpg,417cee70ac42d89f0f1bd931b30e1e21fb5be62b89f02f9597eba0e464aa249e,"https://www.google.com/maps/place/Umi+Rojo/@9.650132,-82.7366214,17z/data=!3m1!4b1!4m6!3m5!1s0x8fa6500d76aaa4cd:0x21fd93873a5ccb27!8m2!3d9.650132!4d-82.7366214!16s%2Fg%2F11b679x57b?hl=en&entry=ttu&g_ep=EgoyMDI2MDcxNS4wIKXMDSoASAFQAw%3D%3D"
Río Negro,Cocles,restaurant,exact,Finca Rio Negro,1.0,9366602319080449218,applied,exact + verified evidence + unique CID,,unsigned-full/screenshots/36-a732f60396.jpg,575762372f3fcd7a5e0900c671411bc3a71e41fec490f19f7772f4b7c01cb3d5,"https://www.google.com/maps/place/Puntarenas+Province,+Finca+Rio+Negro/@8.8785548,-82.858604,15z/data=!3m1!4b1!4m6!3m5!1s0x8fa5cc5dfe38d571:0x81fcdb2ecd23e4c2!8m2!3d8.878555!4d-82.858604!16s%2Fg%2F1tghqn0x?authuser=0&hl=en&entry=ttu&g_ep=EgoyMDI2MDcxNS4wIKXMDSoASAFQAw%3D%3D"
Panadería Francés,Cocles,shopping,ambiguous,De Gustibus Bakery - Puerto Viejo,0.208,9034432070677152199,review,classifier=ambiguous,De Gustibus Bakery,unsigned-full/screenshots/37-f859a33b56.jpg,135c530343f5c15b78aa3c8608f612bc58c8850862c4b9db4ac3d60d61cb8335,"https://www.google.com/maps/place/De+Gustibus+Bakery+-+Puerto+Viejo/@9.6588471,-82.7501144,17z/data=!3m1!4b1!4m6!3m5!1s0x8fa65011c4cc4425:0x7d60c01a101bc1c7!8m2!3d9.6588471!4d-82.7501144!16s%2Fg%2F1hc14q4pw?hl=en&entry=ttu&g_ep=EgoyMDI2MDcxNS4wIKXMDSoASAFQAw%3D%3D"
Ecotourism and Conservation Association of Talamanca,Puerto Viejo,tour_company,exact,ATEC Talamanca Association of Ecotourism and Conservation,1.0,11890875733593568965,collision_review,CID already assigned in master,ATEC,unsigned-full/screenshots/38-cc8c148702.jpg,5c377a31d3e049c15684b911c6bc4470239025714bc5b8246cc75b6101f671d0,"https://www.google.com/maps/place/ATEC+Talamanca+Association+of+Ecotourism+and+Conservation/@9.6564748,-82.7555792,17z/data=!3m1!4b1!4m6!3m5!1s0x8fa6500d6e3e10ad:0xa504e07aa92836c5!8m2!3d9.6564748!4d-82.7555792!16s%2Fg%2F1hf7175pt?hl=en&entry=ttu&g_ep=EgoyMDI2MDcxNS4wIKXMDSoASAFQAw%3D%3D"
Refugio de animales Jaguar,Cocles,tour_company,ambiguous,Jaguar Rescue Center,0.261,9435208628058025334,review,classifier=ambiguous,"Jaguar Rescue Center - Playa Chiquita, Puerto Viejo, Limón, Costa Rica",unsigned-full/screenshots/39-22c546f7cf.jpg,3fb5a96c14f2b5aa0024ddc6be71adf0c1d36a3b6aab36261ee8a40c2e15d3bb,"https://www.google.com/maps/place/Jaguar+Rescue+Center/@9.6419566,-82.7235673,17z/data=!3m1!4b1!4m6!3m5!1s0x8fa64559da705b2f:0x82f09841e1196d76!8m2!3d9.6419566!4d-82.7235673!16s%2Fm%2F0gfj4w3?hl=en&entry=ttu&g_ep=EgoyMDI2MDcxNS4wIKXMDSoASAFQAw%3D%3D"
Blue Dreams Hotel,Playa Negra,hotel,exact,Blue Dreams Hotel,1.0,7864989313907649296,applied,exact + verified evidence + unique CID,,unsigned-full/screenshots/40-4f1182f176.jpg,d65752f3b8b852cb4e8fd2de99df91a99364027aae9c526ce98ce58a674b35ca,"https://www.google.com/maps/place/Blue+Dreams+Hotel/@9.6559239,-82.7828828,17z/data=!3m1!4b1!4m9!3m8!1s0x8fa65199994f85e9:0x6d260e1c49b56b10!5m2!4m1!1i2!8m2!3d9.6559239!4d-82.7828828!16s%2Fg%2F11ysy5339b?authuser=0&hl=en&entry=ttu&g_ep=EgoyMDI2MDcxNS4wIKXMDSoASAFQAw%3D%3D"
Cabinas KiAMiMi,Puerto Viejo,hotel,exact,Cabinas KiaMiMi,1.0,1705549831231309538,collision_review,CID already assigned in master,Cabañas KiaMiMi,unsigned-full/screenshots/41-3dd275f5fe.jpg,777bb70816259757c1946e546d1c5cd9e866d8023ac3464b101e026c6da0fee4,"https://www.google.com/maps/place/Cabinas+KiaMiMi/@9.6603717,-82.7840054,17z/data=!3m1!4b1!4m6!3m5!1s0x8fa651f5de942feb:0x17ab5488fd4506e2!8m2!3d9.6603717!4d-82.7840054!16s%2Fg%2F11q2t4d8yx?hl=en&entry=ttu&g_ep=EgoyMDI2MDcxNS4wIKXMDSoASAFQAw%3D%3D"
Cabinas KiMiMi,Puerto Viejo,hotel,exact,Cabinas KiaMiMi,0.966,1705549831231309538,collision_review,CID already assigned in master,Cabañas KiaMiMi,unsigned-full/screenshots/42-ad866eeca1.jpg,401d8adcb86f88e91edef0e69e0a9e7b943d92a0a0461d3693e1387c2c1f9c72,"https://www.google.com/maps/place/Cabinas+KiaMiMi/@9.6603717,-82.7840054,17z/data=!3m1!4b1!4m6!3m5!1s0x8fa651f5de942feb:0x17ab5488fd4506e2!8m2!3d9.6603717!4d-82.7840054!16s%2Fg%2F11q2t4d8yx?hl=en&entry=ttu&g_ep=EgoyMDI2MDcxNS4wIKXMDSoASAFQAw%3D%3D"
Cabinas KlaMiMi,Puerto Viejo,hotel,exact,Cabinas KiaMiMi,0.933,1705549831231309538,collision_review,CID already assigned in master,Cabañas KiaMiMi,unsigned-full/screenshots/43-d67ab38868.jpg,c3c4f08a9b4030c9bda95f8738ee6927e1f6f69d4ed0393fa55e07146df503ee,"https://www.google.com/maps/place/Cabinas+KiaMiMi/@9.6603717,-82.7840054,17z/data=!3m1!4b1!4m6!3m5!1s0x8fa651f5de942feb:0x17ab5488fd4506e2!8m2!3d9.6603717!4d-82.7840054!16s%2Fg%2F11q2t4d8yx?hl=en&entry=ttu&g_ep=EgoyMDI2MDcxNS4wIKXMDSoASAFQAw%3D%3D"
Casa Alegre,Playa Negra,restaurant,probable,Casa Rio,0.632,4666775397025577928,review,classifier=probable,"Casa Rio Restaurant & Bar - Playa Cocles, Puerto Viejo, Limón, Costa Rica",unsigned-full/screenshots/44-03598414cf.jpg,42ecaf737be968368dd35b19833f5a421573f346b25da13f7d1812a81b1af552,"https://www.google.com/maps/place/Casa+Rio/@9.6438612,-82.7321521,17z/data=!3m1!4b1!4m6!3m5!1s0x8fa64554ffe6b3bd:0x40c3b77f7a3dfbc8!8m2!3d9.6438612!4d-82.7321521!16s%2Fg%2F11b6s2_bw5?authuser=0&hl=en&entry=ttu&g_ep=EgoyMDI2MDcxNS4wIKXMDSoASAFQAw%3D%3D"
Casa Miluca,Playa Negra,restaurant,probable,Casa Maryluz,0.696,18072482811082707755,review,classifier=probable,,unsigned-full/screenshots/45-99c2664388.jpg,735874f233d051d4743515640239cb62d9188840baa47eadbfeebe6f8e083b5a,"https://www.google.com/maps/place/Casa+Maryluz/@9.6551402,-82.7860953,17z/data=!3m1!4b1!4m6!3m5!1s0x8fa651f316abbe1b:0xface5b5d53f0132b!8m2!3d9.6551402!4d-82.7860953!16s%2Fg%2F11sj6slmgw?authuser=0&hl=en&entry=ttu&g_ep=EgoyMDI2MDcxNS4wIKXMDSoASAFQAw%3D%3D"
Casa Pallalita,Playa Negra,restaurant,exact,Casa Palliata,0.889,3067085546718993771,collision_review,CID already assigned in master,Casa Palliata,unsigned-full/screenshots/46-2ee00f24e4.jpg,c068d2166c3d28ce686eafffdf60635b449937b2340d2f03586131459f639067,"https://www.google.com/maps/place/Casa+Palliata/@9.6479989,-82.7520805,17z/data=!3m1!4b1!4m6!3m5!1s0x8fa651ff4602c4ed:0x2a907a0dfbeb9d6b!8m2!3d9.6479989!4d-82.7520805!16s%2Fg%2F11frp2rcw9?authuser=0&hl=en&entry=ttu&g_ep=EgoyMDI2MDcxNS4wIKXMDSoASAFQAw%3D%3D"
Casa Pallita,Playa Negra,restaurant,exact,Casa Palliata,0.96,3067085546718993771,collision_review,CID already assigned in master,Casa Palliata,unsigned-full/screenshots/47-f2e94ab69e.jpg,63877fd5d4f68f547d2636c4ec5bc9dbed169c9485c4697ca19f82f2c07e21a6,"https://www.google.com/maps/place/Casa+Palliata/@9.6479989,-82.7520805,17z/data=!3m1!4b1!4m6!3m5!1s0x8fa651ff4602c4ed:0x2a907a0dfbeb9d6b!8m2!3d9.6479989!4d-82.7520805!16s%2Fg%2F11frp2rcw9?hl=en&entry=ttu&g_ep=EgoyMDI2MDcxNS4wIKXMDSoASAFQAw%3D%3D"
Casitas del Bosque,Puerto Viejo,hotel,exact,Casitas del Bosque,1.0,17991662797152698167,applied,exact + verified evidence + unique CID,,unsigned-full/screenshots/48-7eab62743a.jpg,a9e447fd1f56700d4d5f7bac6420fa3bb7ba27da8de33a8cd82bae2d2ecc6637,"https://www.google.com/maps/place/Casitas+del+Bosque/@9.6329105,-82.7013138,17z/data=!3m1!4b1!4m6!3m5!1s0x8fa645c44804577b:0xf9af39fd76e5bf37!8m2!3d9.6329105!4d-82.7013138!16s%2Fg%2F11pyydgg_2?authuser=0&hl=en&entry=ttu&g_ep=EgoyMDI2MDcxNS4wIKXMDSoASAFQAw%3D%3D"
CHOCORART,Puerto Viejo,shopping,exact,CHOCORART,1.0,14244983452023827203,applied,exact + verified evidence + unique CID,,unsigned-full/screenshots/49-aa9810c34d.jpg,01ab053e01f4a4efed24e3f9e05e9db27a94bf425a4de94c41728ba1986cec85,"https://www.google.com/maps/place/CHOCORART/@9.6337375,-82.7063369,17z/data=!3m1!4b1!4m6!3m5!1s0x8fa64565f7f303a5:0xc5b058f9f932ab03!8m2!3d9.6337375!4d-82.7063369!16s%2Fg%2F11b7m96mpz?hl=en&entry=ttu&g_ep=EgoyMDI2MDcxNS4wIKXMDSoASAFQAw%3D%3D"
Da Lime Beach Club & Restaurant at Hotel Aguas Claras,Playa Negra,hotel,exact,Da Lime Beach Club & Restaurant at Hotel Aguas Claras,1.0,5875257995302760665,collision_review,CID already assigned in master,"Da Lime Beach Club and Restaurant - Playa Chiquita, Puerto Viejo, Limón, Costa Rica",unsigned-full/screenshots/50-782086d81a.jpg,6899c8850caf2878572abc4814c43d060f9f2e74e37cd6094a6839d2dfe9dd1f,"https://www.google.com/maps/place/Da+Lime+Beach+Club+%26+Restaurant+at+Hotel+Aguas+Claras/@9.6443438,-82.7196505,17z/data=!3m1!4b1!4m6!3m5!1s0x8fa64580bdce2091:0x51891c04adcb70d9!8m2!3d9.6443438!4d-82.7196505!16s%2Fg%2F11j20tvzb2?hl=en&entry=ttu&g_ep=EgoyMDI2MDcxNS4wIKXMDSoASAFQAw%3D%3D"
Douglas Ville guest house,Playa Negra,vacation_rental,exact,Douglas Ville guest house,1.0,16910935893526257108,applied,exact + verified evidence + unique CID,,unsigned-full/screenshots/51-54f9b5faed.jpg,3e7da1b6ce2d668d2bf132626e965aa41a699610d0c3208420d4377277b0998b,"https://www.google.com/maps/place/Douglas+Ville+guest+house/@9.6538097,-82.7541907,17z/data=!4m9!3m8!1s0x8fa6500c8965503b:0xeaafb698e1091dd4!5m2!4m1!1i2!8m2!3d9.6538097!4d-82.7541907!16s%2Fg%2F1xcbqpcc?hl=en&entry=ttu&g_ep=EgoyMDI2MDcxNS4wIKXMDSoASAFQAw%3D%3D"
El Chilamate,Playa Negra,restaurant,exact,El Chilamate Holiday House,1.0,9842399411646961220,collision_review,CID already assigned in master,Casa Chilamate Day House,unsigned-full/screenshots/52-421c5dfb9a.jpg,c6d13458d71d8a4b2d0600a197f76a7909edee1defc81268d7063ba3158f5888,"https://www.google.com/maps/place/El+Chilamate+Holiday+House/@9.6530399,-82.7654953,17z/data=!3m1!4b1!4m6!3m5!1s0x8fa65070cbbdcb63:0x88973a1e1cbb1644!8m2!3d9.6530399!4d-82.7654953!16s%2Fg%2F11c7szffj6?authuser=0&hl=en&entry=ttu&g_ep=EgoyMDI2MDcxNS4wIKXMDSoASAFQAw%3D%3D"
El Chilamate Holiday House,Playa Negra,restaurant,exact,El Chilamate Holiday House,1.0,9842399411646961220,collision_review,CID already assigned in master,Casa Chilamate Day House,unsigned-full/screenshots/53-fee5df4fd0.jpg,0037b95746fea5213b00d1d64572e97f72f05e27a58079653ad560388a675e6e,"https://www.google.com/maps/place/El+Chilamate+Holiday+House/@9.6530399,-82.7654953,17z/data=!3m1!4b1!4m6!3m5!1s0x8fa65070cbbdcb63:0x88973a1e1cbb1644!8m2!3d9.6530399!4d-82.7654953!16s%2Fg%2F11c7szffj6?hl=en&entry=ttu&g_ep=EgoyMDI2MDcxNS4wIKXMDSoASAFQAw%3D%3D"
Finca la Isla Permaculture Farm,Playa Negra,restaurant,exact,"Finca la Isla Permaculture Farm, Plant Nursery and Botanical Garden",1.0,7972003479335139796,collision_review,CID already assigned in master,"Finca La Isla Botanical Garden - Playa Negra, Puerto Viejo, Limón, Costa Rica",unsigned-full/screenshots/54-f3559d2667.jpg,35bba61f8de42a808a9c955a47d1ea22cb8569084e2c5269850c205957ddf5b2,"https://www.google.com/maps/place/Finca+la+Isla+Permaculture+Farm,+Plant+Nursery+and+Botanical+Garden/@9.6495033,-82.7641365,17z/data=!3m1!4b1!4m6!3m5!1s0x8fa650764c48118b:0x6ea23eed4df2f9d4!8m2!3d9.6495033!4d-82.7641365!16s%2Fg%2F1hhx7qbjw?hl=en&entry=ttu&g_ep=EgoyMDI2MDcxNS4wIKXMDSoASAFQAw%3D%3D"
Hospedaje Dos Sueños,Puerto Viejo,hotel,exact,Hospedaje Dos Sueños,1.0,5066811314987255340,applied,exact + verified evidence + unique CID,,unsigned-full/screenshots/55-70e444280a.jpg,79ec0da364a7de3270c6798ab0360cd8d8962e113b1646ebc276feca90f42abe,"https://www.google.com/maps/place/Hospedaje+Dos+Sue%C3%B1os/@9.6319906,-82.7016493,17z/data=!3m1!4b1!4m6!3m5!1s0x8fa645fe25b02365:0x4650ee0bbdbec62c!8m2!3d9.6319906!4d-82.7016493!16s%2Fg%2F11l4lcbc29?hl=en&entry=ttu&g_ep=EgoyMDI2MDcxNS4wIKXMDSoASAFQAw%3D%3D"
Ka Namu,Playa Negra,restaurant,exact,Ka Namu - One-Bedroom House,1.0,4776029185661119925,applied,exact + verified evidence + unique CID,,unsigned-full/screenshots/56-7251799e81.jpg,85e32a78b0741f978e3e338cd3faea77f345fb8d1f32e1137178fb07c24a1976,"https://www.google.com/maps/place/Ka+Namu+-+One-Bedroom+House/@9.6468296,-82.7446899,17z/data=!3m1!4b1!4m10!3m9!1s0x8fa65aa81d710237:0x4247dd3d683aadb5!5m2!4m1!1i2!8m2!3d9.6468296!4d-82.7446899!16s%2Fg%2F11zkwg8_c6!17BQ0FF?authuser=0&hl=en&entry=ttu&g_ep=EgoyMDI2MDcxNS4wIKXMDSoASAFQAw%3D%3D"
La Isla Permaculture Farm,Playa Negra,restaurant,exact,"Finca la Isla Permaculture Farm, Plant Nursery and Botanical Garden",1.0,7972003479335139796,collision_review,CID already assigned in master,"Finca La Isla Botanical Garden - Playa Negra, Puerto Viejo, Limón, Costa Rica",unsigned-full/screenshots/57-f953789a5f.jpg,f1721da8c0052a6f44bfddcd3d1b5d6a6c2c324bb03a9d11f78d729fe6a00e46,"https://www.google.com/maps/place/Finca+la+Isla+Permaculture+Farm,+Plant+Nursery+and+Botanical+Garden/@9.6495033,-82.7641365,17z/data=!3m1!4b1!4m6!3m5!1s0x8fa650764c48118b:0x6ea23eed4df2f9d4!8m2!3d9.6495033!4d-82.7641365!16s%2Fg%2F1hhx7qbjw?hl=en&entry=ttu&g_ep=EgoyMDI2MDcxNS4wIKXMDSoASAFQAw%3D%3D"
La Pecora Nera Ristorante,Playa Negra,restaurant,exact,La Pecora Nera Ristorante,1.0,16671506007035121722,collision_review,CID already assigned in master,"Pecora Nera - Playa Cocles, Puerto Viejo, Limón, Costa Rica",unsigned-full/screenshots/58-6c75fe8d1c.jpg,61211d0af6c5a137283e747ba2f89619113d357a0259d1bbf6489e31a74d9c94,"https://www.google.com/maps/place/La+Pecora+Nera+Ristorante/@9.6435375,-82.7294006,17z/data=!3m1!4b1!4m6!3m5!1s0x8fa64555a5469515:0xe75d16624c1e903a!8m2!3d9.6435375!4d-82.7294006!16s%2Fg%2F1hdzj0tsy?hl=en&entry=ttu&g_ep=EgoyMDI2MDcxNS4wIKXMDSoASAFQAw%3D%3D"
La Selva PV Events,Playa Negra,restaurant,exact,La Selva PV Events,1.0,8923069820182897353,collision_review,CID already assigned in master,Sea Breeze Events,unsigned-full/screenshots/59-01b7a0968c.jpg,2bb7ef9c557a3cb55a206627e2fd53ffe29aee99a912e123af5025bb081d954b,"https://www.google.com/maps/place/La+Selva+PV+Events/@9.6514016,-82.7523366,17z/data=!3m1!4b1!4m6!3m5!1s0x8fa651002912bccf:0x7bd51cb99a02a2c9!8m2!3d9.6514016!4d-82.7523366!16s%2Fg%2F11y3wdvdx1?hl=en&entry=ttu&g_ep=EgoyMDI2MDcxNS4wIKXMDSoASAFQAw%3D%3D"
Lapaluna,Puerto Viejo,restaurant,exact,Lapaluna,1.0,748324862255207133,applied,exact + verified evidence + unique CID,,unsigned-full/screenshots/60-7cfda9b5ad.jpg,68fa4c435b9fdd8defa860e4b5c1e53166886216485a45cce1534d6ba54914e0,"https://www.google.com/maps/place/Lapaluna/@9.6356224,-82.7077382,17z/data=!3m1!4b1!4m6!3m5!1s0x8fa6455916b0d209:0xa62957f575092dd!8m2!3d9.6356224!4d-82.7077382!16s%2Fg%2F11h_bvffq6?hl=en&entry=ttu&g_ep=EgoyMDI2MDcxNS4wIKXMDSoASAFQAw%3D%3D"
Morpho Casitas,Playa Negra,vacation_rental,exact,Caribbean Blue Morpho Casitas,1.0,15075381955885778012,collision_review,CID already assigned in master,Caribbean Blue Morpho Casitas,unsigned-full/screenshots/61-340d1d5da5.jpg,3e10c1bf3bfb51ab3676b8a695538e8da9102447d5853ac1ddb03c5442d48cf7,"https://www.google.com/maps/place/Caribbean+Blue+Morpho+Casitas/@9.6534314,-82.7783071,17z/data=!4m9!3m8!1s0x8fa6519e0df8e297:0xd13684041de7c45c!5m2!4m1!1i2!8m2!3d9.6534314!4d-82.7783071!16s%2Fg%2F11vr05nc5z?hl=en&entry=ttu&g_ep=EgoyMDI2MDcxNS4wIKXMDSoASAFQAw%3D%3D"
Namu Garden Hotel & Spa,Playa Negra,hotel,exact,Namu Garden Hotel & Spa,1.0,18141110668997261824,collision_review,CID already assigned in master,Namu Garden Hotel and Spa,unsigned-full/screenshots/62-bd876d5efa.jpg,4a7e3ffaed3f736ec93d7dde5d9433a8364979308b872bea485cc627b999680e,"https://www.google.com/maps/place/Namu+Garden+Hotel+%26+Spa/@9.6531231,-82.7543983,17z/data=!4m9!3m8!1s0x8fa6512be1daa309:0xfbc22c09a8a17a00!5m2!4m1!1i2!8m2!3d9.6531231!4d-82.7543983!16s%2Fg%2F11kj44ph5q?hl=en&entry=ttu&g_ep=EgoyMDI2MDcxNS4wIKXMDSoASAFQAw%3D%3D"
Paloma Studio,Playa Negra,restaurant,exact,La Paloma Studio en Coclès con cocina à 800 m de la playa,1.0,3738318817422763383,collision_review,CID already assigned in master,La Paloma Studio en Coclès con cocina a,unsigned-full/screenshots/63-0c0d6a947b.jpg,19ff189e52558e3edc5e80415543c161ddf07c2fb1c204be93c47fbf8f792f10,"https://www.google.com/maps/place/La+Paloma+Studio+en+Cocl%C3%A8s+con+cocina+%C3%A0+800+m+de+la+playa/@9.6433356,-82.7384602,17z/data=!3m1!4b1!4m6!3m5!1s0x8fa65bad04d668db:0x33e12d2871a46577!8m2!3d9.6433356!4d-82.7384602!16s%2Fg%2F11r5vgx7xv?authuser=0&hl=en&entry=ttu&g_ep=EgoyMDI2MDcxNS4wIKXMDSoASAFQAw%3D%3D"
Paragliding CR,Playa Negra,restaurant,exact,Cirrus Sky Paragliding CR,1.0,906367207779863842,collision_review,CID already assigned in master,Cirrus Sky Paragliding CR,unsigned-full/screenshots/64-5fda6d074b.jpg,f0edff922fa35fe2ee2e367278a71d0309b801cf8c04d66fc44eaec40c23d91e,"https://www.google.com/maps/place/Cirrus+Sky+Paragliding+CR/@9.6483809,-82.7338131,17z/data=!3m1!4b1!4m6!3m5!1s0x8fa64fdaae45a435:0xc94102c5fc80d22!8m2!3d9.6483809!4d-82.7338131!16s%2Fg%2F11nb2nk01l?authuser=0&hl=en&entry=ttu&g_ep=EgoyMDI2MDcxNS4wIKXMDSoASAFQAw%3D%3D"
Repazul,Puerto Viejo,restaurant,exact,Repazul Puerto Viejo Limón Costa Rica,1.0,2898935241958549311,collision_review,CID already assigned in master,"Azul Bar and Grill - Playa Negra, Puerto Viejo, Limón, Costa Rica",unsigned-full/screenshots/65-04bcc8274c.jpg,96f783102d4721053dd736dbe852395addbd40c636ba39b26f60fcfd607154c3,"https://www.google.com/maps/search/Repazul+Puerto+Viejo+Lim%C3%B3n+Costa+Rica/@9.6546594,-82.7562849,15z/data=!3m1!4b1?hl=en&entry=ttu&g_ep=EgoyMDI2MDcxNS4wIKXMDSoASAFQAw%3D%3D"
Rio Home,Playa Negra,restaurant,exact,Rio Home Playa Negra Limón Costa Rica,1.0,11653253983798852315,applied,exact + verified evidence + unique CID,,unsigned-full/screenshots/66-098374f7f2.jpg,c86d863bca2dbc543ff8a71ec8cb9b5b0025f10843c258558d230d518ac76e15,"https://www.google.com/maps/search/Rio+Home+Playa+Negra+Lim%C3%B3n+Costa+Rica/@9.6604853,-82.7843214,17z/data=!3m1!4b1?hl=en&entry=ttu&g_ep=EgoyMDI2MDcxNS4wIKXMDSoASAFQAw%3D%3D"
Rustika Lodge,Puerto Viejo,hotel,exact,Hotel Rustika Lodge,1.0,17548818634857466246,collision_review,CID already assigned in master,Hotel Rustika Lodge,unsigned-full/screenshots/67-e531a40c37.jpg,e04b44f46c210617cc2e017cad20fa5f73c6b4f0de5ffd75e721ba9411500e27,"https://www.google.com/maps/place/Hotel+Rustika+Lodge/@9.6552385,-82.7691739,17z/data=!3m1!4b1!4m6!3m5!1s0x8fa65100012db70d:0xf389ed921e6f4986!8m2!3d9.6552385!4d-82.7691739!16s%2Fg%2F11vrtsj09j?hl=en&entry=ttu&g_ep=EgoyMDI2MDcxNS4wIKXMDSoASAFQAw%3D%3D"
Shenanigans–Fat Drink Dink Drive,Playa Negra,restaurant,exact,Shenanigans–Fat Drink Dink Drive Playa Negra Limón Costa Rica,1.0,1386465364860297778,applied,exact + verified evidence + unique CID,,unsigned-full/screenshots/68-6795c6efb9.jpg,4383b17ac0ca7c7ff6b099dce8a06ebbde31231f32ad4e9a7589f277ca85b995,"https://www.google.com/maps/search/Shenanigans%E2%80%93Fat+Drink+Dink+Drive+Playa+Negra+Lim%C3%B3n+Costa+Rica/@9.6653257,-82.7735093,15z/data=!3m1!4b1?hl=en&entry=ttu&g_ep=EgoyMDI2MDcxNS4wIKXMDSoASAFQAw%3D%3D"
Sloth Crossing,Puerto Viejo,restaurant,exact,Buddy's Sloth Crossing,1.0,7100005996183210934,collision_review,CID already assigned in master,Buddy's Sloth Crossing,unsigned-full/screenshots/69-b2587cae12.jpg,8efa37cb049950b2d8ef7b5d9896cf0cdb13a39e17e61ef8ee25618485b56b7b,"https://www.google.com/maps/place/Buddy's+Sloth+Crossing/@9.6629375,-82.7894375,17z/data=!3m1!4b1!4m6!3m5!1s0x8fa6515c903b6675:0x628849d609a4cbb6!8m2!3d9.6629375!4d-82.7894375!16s%2Fg%2F11ks1n1jjr?hl=en&entry=ttu&g_ep=EgoyMDI2MDcxNS4wIKXMDSoASAFQAw%3D%3D"
Soda Shekina,Playa Negra,restaurant,exact,Soda Shekina,1.0,11963087103971381770,collision_review,CID already assigned in master,Soda Shekiná,unsigned-full/screenshots/70-5280115f3e.jpg,007ef10a3a60002914ef7bbd5e5e34dc265808e8a8a75b5ee13b45f8d110179d,"https://www.google.com/maps/place/Soda+Shekina/@9.6548801,-82.7539308,17z/data=!3m1!4b1!4m6!3m5!1s0x8fa6500cf9c130a7:0xa6056c568145520a!8m2!3d9.6548801!4d-82.7539308!16s%2Fg%2F11clv83km6?hl=en&entry=ttu&g_ep=EgoyMDI2MDcxNS4wIKXMDSoASAFQAw%3D%3D"
The Bush,Cocles,restaurant,exact,The Bush Doctah Herbalist,1.0,7437765293747491582,collision_review,CID already assigned in master,Doctah Herbalist,unsigned-full/screenshots/71-902ff007c9.jpg,d777b4d52fc4fc3998492146d9a9893d458c26a9bd56f7039e345807ebe525d9,"https://www.google.com/maps/place/The+Bush+Doctah+Herbalist/@9.6330449,-82.7182417,17z/data=!3m1!4b1!4m6!3m5!1s0x8fa64513dc69d5cd:0x67384020b08c52fe!8m2!3d9.6330449!4d-82.7182417!16s%2Fg%2F11xw2y_xg8?authuser=0&hl=en&entry=ttu&g_ep=EgoyMDI2MDcxNS4wIKXMDSoASAFQAw%3D%3D"
The Bush Doctah Herbalist,Cocles,restaurant,exact,The Bush Doctah Herbalist,1.0,7437765293747491582,collision_review,CID already assigned in master,Doctah Herbalist,unsigned-full/screenshots/72-ce2df73976.jpg,006c6810574f01627a7bd007dde25357a9fd6b0ddfeb7abfbb8c47a15bb9c56c,"https://www.google.com/maps/place/The+Bush+Doctah+Herbalist/@9.6330449,-82.7182417,17z/data=!3m1!4b1!4m6!3m5!1s0x8fa64513dc69d5cd:0x67384020b08c52fe!8m2!3d9.6330449!4d-82.7182417!16s%2Fg%2F11xw2y_xg8?hl=en&entry=ttu&g_ep=EgoyMDI2MDcxNS4wIKXMDSoASAFQAw%3D%3D"
Villas Kandulu,Playa Negra,hotel,exact,Villas Kandulu,1.0,13333726585970395954,collision_review,CID already assigned in master,Villa Kandulu,unsigned-full/screenshots/73-d98e0a5701.jpg,505a1fb5130674f5b494420f1cc1e6b5d6c7b5347c1f7581e152a0afdda404ff,"https://www.google.com/maps/place/Villas+Kandulu/@9.6547145,-82.7451559,17z/data=!3m1!4b1!4m6!3m5!1s0x8fa65182a0972111:0xb90ae9af50f28b32!8m2!3d9.6547145!4d-82.7451559!16s%2Fg%2F11sdsrh6xq?hl=en&entry=ttu&g_ep=EgoyMDI2MDcxNS4wIKXMDSoASAFQAw%3D%3D"
"Almonds and Corals Boutique Hotel - Manzanillo, Limón, Costa Rica",Manzanillo,hotel,exact,Almonds & Corals Boutique Hotel,0.935,11188266454666848277,applied,exact + verified evidence + unique CID,,unsigned-full/screenshots/74-0723e7f201.jpg,a6bdb162899f22f316609e5c173c4141a45fc95c8282e6241122e90e91ec5576,"https://www.google.com/maps/place/Almonds+%26+Corals+Boutique+Hotel/@9.6321651,-82.6727735,17z/data=!4m9!3m8!1s0x8fa650127704c98b:0x9b44b51002d62815!5m2!4m1!1i2!8m2!3d9.6321651!4d-82.6727735!16s%2Fg%2F1vzqt9l9?hl=en&entry=ttu&g_ep=EgoyMDI2MDcxNS4wIKXMDSoASAFQAw%3D%3D"
"Boca Chica Bar Restaurante y Piscina - Cahuita, Limón, Costa Rica",Cahuita,restaurant,probable,KOKi Beach Restaurant & Bar,0.557,94575443808973745,review,classifier=probable,KOKi Beach,unsigned-full/screenshots/75-a21a383598.jpg,66bb6cd187dad11e7511ba6cd4b7de59c864d4c3885f0fd519f1b29c03c2e5d5,"https://www.google.com/maps/place/KOKi+Beach+Restaurant+%26+Bar/@9.6576264,-82.752566,17z/data=!3m1!4b1!4m6!3m5!1s0x8fa6500d8f6d0565:0x14fffdd74b573b1!8m2!3d9.6576264!4d-82.752566!16s%2Fg%2F1tcvk4sq?authuser=0&hl=en&entry=ttu&g_ep=EgoyMDI2MDcxNS4wIKXMDSoASAFQAw%3D%3D"
"Bohemian Monkey - Cahuita, Limón, Costa Rica",Cahuita,vacation_rental,exact,Bohemian Monkey,1.0,6134891682775153888,applied,exact + verified evidence + unique CID,,unsigned-full/screenshots/76-a6a9957994.jpg,dbe56b11bd3ac4a4c047d64404ac510f30cfaa52b37f5df0085289daeb88dfb4,"https://www.google.com/maps/place/Bohemian+Monkey/@9.7377701,-82.8490067,17z/data=!3m1!4b1!4m10!3m9!1s0x8fa654275f18402b:0x5523837b3f4fbce0!5m2!4m1!1i2!8m2!3d9.7377701!4d-82.8490067!16s%2Fg%2F11z1442j9s!17BQ0FF?authuser=0&hl=en&entry=ttu&g_ep=EgoyMDI2MDcxNS4wIKXMDSoASAFQAw%3D%3D"
"Bungalows Ache - Cahuita, Limón, Costa Rica",Cahuita,hotel,exact,Bungalows Aché,1.0,15520883439481237827,applied,exact + verified evidence + unique CID,,unsigned-full/screenshots/77-66db85ae1c.jpg,7182442e9a458eb661f1abb9daf4c8a393db0df37cd6091830ce438fd37b7af7,"https://www.google.com/maps/place/Bungalows+Ach%C3%A9/@9.7351324,-82.8393077,17z/data=!4m9!3m8!1s0x8fa656a0f0fae79b:0xd76541414a85b143!5m2!4m1!1i2!8m2!3d9.7351324!4d-82.8393077!16s%2Fg%2F1yh9nbq_l?hl=en&entry=ttu&g_ep=EgoyMDI2MDcxNS4wIKXMDSoASAFQAw%3D%3D"
"Cabinas Algebra - Cahuita, Limón, Costa Rica",Cahuita,hotel,exact,Cabinas Algebra,1.0,17217032978777865192,applied,exact + verified evidence + unique CID,,unsigned-full/screenshots/78-c8cf19ded0.jpg,fb93a00566428e818a3cc916c6f6f71368526d325452d43049874142810c945f,"https://www.google.com/maps/place/Cabinas+Algebra/@9.7497803,-82.8604018,17z/data=!4m9!3m8!1s0x8fa6541ff25041e7:0xeeef3046423d7be8!5m2!4m1!1i2!8m2!3d9.7497803!4d-82.8604018!16s%2Fg%2F113dwrtg4?hl=en&entry=ttu&g_ep=EgoyMDI2MDcxNS4wIKXMDSoASAFQAw%3D%3D"
"Cabinas El Imperio - Sixaola, Limón, Costa Rica",Sixaola,hotel,exact,Cabinas el Imperio,1.0,11746108272448529029,applied,exact + verified evidence + unique CID,,unsigned-full/screenshots/79-9728ae6e3d.jpg,6499d8dcb0956f816402b7ab28274107cae6f6c096cfc2cdf5563498d85e2fef,"https://www.google.com/maps/place/Cabinas+el+Imperio/@9.5097873,-82.6209511,17z/data=!3m1!4b1!4m6!3m5!1s0x8fa641a73177f507:0xa3028f3d80926285!8m2!3d9.5097873!4d-82.6209511!16s%2Fg%2F1pty048cp?hl=en&entry=ttu&g_ep=EgoyMDI2MDcxNS4wIKXMDSoASAFQAw%3D%3D"
"Cabinas El Rinconcito - Gandoca, Limón, Costa Rica",Gandoca,hotel,exact,Cabinas El Rinconcito,1.0,15910047007271410898,applied,exact + verified evidence + unique CID,,unsigned-full/screenshots/80-b1a0c2cd5a.jpg,70aaa99dfd37781977a6e6123459ca4acf9ce867ec8633eb99acb0acb07b53ef,"https://www.google.com/maps/place/Cabinas+El+Rinconcito/@9.5945266,-82.6067032,17z/data=!3m1!4b1!4m6!3m5!1s0x8fa646fd98258f4f:0xdccbd775442ddcd2!8m2!3d9.5945266!4d-82.6067032!16s%2Fg%2F11cn5nzhp5?hl=en&entry=ttu&g_ep=EgoyMDI2MDcxNS4wIKXMDSoASAFQAw%3D%3D"
"Cabinas Jenny - Cahuita, Limón, Costa Rica",Cahuita,hotel,exact,Cabinas Jenny,1.0,17682239826356444978,applied,exact + verified evidence + unique CID,,unsigned-full/screenshots/81-5db1d61343.jpg,3dc557abe0225b85b1efc69f6008e7b2fc35780c2e17aa09bd3783b3485004c3,"https://www.google.com/maps/place/Cabinas+Jenny/@9.7390003,-82.8396835,17z/data=!4m9!3m8!1s0x8fa6541fb4e0f2a1:0xf563ef70033d9f32!5m2!4m1!1i2!8m2!3d9.7390003!4d-82.8396835!16s%2Fg%2F11ggvzzttc?hl=en&entry=ttu&g_ep=EgoyMDI2MDcxNS4wIKXMDSoASAFQAw%3D%3D"
"Cabinas Palmer Makanda - Cahuita, Limón, Costa Rica",Cahuita,hotel,exact,Cabinas Palmer,0.778,12496997589843324576,applied,exact + verified evidence + unique CID,,unsigned-full/screenshots/82-ff9c18bb2a.jpg,18a75f8606dc29febaaeb9b19b30ec81ea330dea2b087cc84246b999fc048d1c,"https://www.google.com/maps/place/Cabinas+Palmer/@9.7382481,-82.8401478,17z/data=!4m9!3m8!1s0x8fa6541fce2023e7:0xad6e411895862ea0!5m2!4m1!1i2!8m2!3d9.7382481!4d-82.8401478!16s%2Fg%2F11clwj1p87?hl=en&entry=ttu&g_ep=EgoyMDI2MDcxNS4wIKXMDSoASAFQAw%3D%3D"
"Cabinas Tito - Cahuita, Limón, Costa Rica",Cahuita,hotel,exact,Cabinas Tito,1.0,12755760628427846358,applied,exact + verified evidence + unique CID,,unsigned-full/screenshots/83-a0a4e661fe.jpg,37ff24233fddaf29ba3016c1867085029b031fae57193a93d7005d80af1399a7,"https://www.google.com/maps/place/Cabinas+Tito/@9.7391406,-82.8453663,17z/data=!4m9!3m8!1s0x8fa65426e70ceaa3:0xb10590b5695af2d6!5m2!4m1!1i2!8m2!3d9.7391406!4d-82.8453663!16s%2Fg%2F11b6dgj14c?hl=en&entry=ttu&g_ep=EgoyMDI2MDcxNS4wIKXMDSoASAFQAw%3D%3D"
"Cahuita National Park Hotel - Cahuita, Limón, Costa Rica",Cahuita,hotel,exact,Cahuita National Park Hotel And Restaurant,1.0,400977826922741375,applied,exact + verified evidence + unique CID,,unsigned-full/screenshots/84-cb590e70fb.jpg,d9edbb3cd11dca6b5297e9797d479755aa2d27b3809e75829f87d012040519a5,"https://www.google.com/maps/place/Cahuita+National+Park+Hotel+And+Restaurant/@9.7367206,-82.8391564,17z/data=!4m9!3m8!1s0x8fa656a08ffe215d:0x5908f358889be7f!5m2!4m1!1i2!8m2!3d9.7367206!4d-82.8391564!16s%2Fg%2F1tf7hr0h?hl=en&entry=ttu&g_ep=EgoyMDI2MDcxNS4wIKXMDSoASAFQAw%3D%3D"
"Casa Firefly Boutique Retreat - Cahuita, Limón, Costa Rica",Cahuita,hotel,exact,Casa Firefly Boutique Retreat,1.0,3377722209033140563,applied,exact + verified evidence + unique CID,,unsigned-full/screenshots/85-4c37887fc3.jpg,3a916c1124ccc4c8fafd5858b7e54bf523046497ecd792257589863c471b6d4c,"https://www.google.com/maps/place/Casa+Firefly+Boutique+Retreat/@9.7488427,-82.8600619,17z/data=!4m9!3m8!1s0x8fa654320a5ac0c9:0x2ee01474035e3953!5m2!4m1!1i2!8m2!3d9.7488427!4d-82.8600619!16s%2Fg%2F1tdqjjw6?hl=en&entry=ttu&g_ep=EgoyMDI2MDcxNS4wIKXMDSoASAFQAw%3D%3D"
"Casa Magdalena - Cahuita, Limón, Costa Rica",Cahuita,vacation_rental,exact,Casa Magdalena Cahuita,1.0,8414754958644261472,applied,exact + verified evidence + unique CID,,unsigned-full/screenshots/86-137b5ab39a.jpg,4c1bef0b506a5786608f5014f18a1cbd2b3915e5c5d18f585764a7865ce8c20c,"https://www.google.com/maps/place/Casa+Magdalena+Cahuita/@9.7335889,-82.8468255,17z/data=!3m1!4b1!4m6!3m5!1s0x8fa6569edb51b825:0x74c7370d35f2b260!8m2!3d9.7335889!4d-82.8468255!16s%2Fg%2F11c1mztjqh?hl=en&entry=ttu&g_ep=EgoyMDI2MDcxNS4wIKXMDSoASAFQAw%3D%3D"
"Casas Del Mar - Manzanillo, Limón, Costa Rica",Manzanillo,vacation_rental,exact,Casas del Mar Manzanillo,1.0,12705395086028222701,applied,exact + verified evidence + unique CID,,unsigned-full/screenshots/87-b466f8cce0.jpg,1a85d70e85451e3226cd3edb849e4a697c61d68111792da453951b11a12f2bee,"https://www.google.com/maps/place/Casas+del+Mar+Manzanillo/@9.6331703,-82.6567278,17z/data=!3m1!4b1!4m6!3m5!1s0x8fa645f9f4777d6b:0xb052a183c1b4b0ed!8m2!3d9.6331703!4d-82.6567278!16s%2Fg%2F11ww0y1p4r?authuser=0&hl=en&entry=ttu&g_ep=EgoyMDI2MDcxNS4wIKXMDSoASAFQAw%3D%3D"
"El Arbol Jungle Houses - Manzanillo, Limón, Costa Rica",Manzanillo,vacation_rental,exact,The jungle house,0.737,15871299217507782991,applied,exact + verified evidence + unique CID,,unsigned-full/screenshots/88-e684957388.jpg,9f9e7b1c1e99dcde4e2eeb7c7ca1f564a5c544bf3bfac71138f1ad1997ce7a20,"https://www.google.com/maps/place/The+jungle+house/@9.627308,-82.6621849,17z/data=!3m1!4b1!4m6!3m5!1s0x8fa645e952c39f2f:0xdc422e8c6f7c914f!8m2!3d9.627308!4d-82.6621849!16s%2Fg%2F1hdzl55wh?authuser=0&hl=en&entry=ttu&g_ep=EgoyMDI2MDcxNS4wIKXMDSoASAFQAw%3D%3D"
"El Colibri Rojo - Cahuita, Limón, Costa Rica",Cahuita,hotel,probable,Le Colibri Rouge Hotel Cabinas,0.578,903286394928674373,review,classifier=probable,,unsigned-full/screenshots/89-3d1533e09c.jpg,4e23d6306ba9c580cc1740043b3cd5b172973368d991b324bdcf0a4894f9a347,"https://www.google.com/maps/place/Le+Colibri+Rouge+Hotel+Cabinas/@9.7157912,-82.824689,17z/data=!4m9!3m8!1s0x8fa656b584ebd837:0xc891e30bc2ab645!5m2!4m1!1i2!8m2!3d9.7157912!4d-82.824689!16s%2Fg%2F11b6d61zlm?hl=en&entry=ttu&g_ep=EgoyMDI2MDcxNS4wIKXMDSoASAFQAw%3D%3D"
"Jungle Dreamz - Manzanillo, Limón, Costa Rica",Manzanillo,vacation_rental,exact,Jungle Dreamz Vacation House Rental,1.0,17113013417158338712,applied,exact + verified evidence + unique CID,,unsigned-full/screenshots/90-b9a27030f9.jpg,861c0af04aa9e33e18d6bb61ad7baec04f3b030a9b44dd9c0c72eb56e744aecd,"https://www.google.com/maps/place/Jungle+Dreamz+Vacation+House+Rental/@9.6254606,-82.6603818,17z/data=!4m9!3m8!1s0x8fa645e860c46137:0xed7da308c6376898!5m2!4m1!1i2!8m2!3d9.6254606!4d-82.6603818!16s%2Fg%2F1th1dskx?hl=en&entry=ttu&g_ep=EgoyMDI2MDcxNS4wIKXMDSoASAFQAw%3D%3D"
"La Casa de las Flores Hotel - Cahuita, Limón, Costa Rica",Cahuita,hotel,exact,Hotel La Casa de las Flores Cahuita,1.0,2827143409243576983,applied,exact + verified evidence + unique CID,,unsigned-full/screenshots/91-a970779f28.jpg,9b54d0620f1a51f0ae117a82cea156da0ae36b84104a43d57e79b258d110f7d0,"https://www.google.com/maps/place/Hotel+La+Casa+de+las+Flores+Cahuita/@9.7375459,-82.8410683,17z/data=!4m9!3m8!1s0x8fa6541fcf872bad:0x273c07f3ad0cda97!5m2!4m1!1i2!8m2!3d9.7375459!4d-82.8410683!16s%2Fg%2F113gwnmxj?hl=en&entry=ttu&g_ep=EgoyMDI2MDcxNS4wIKXMDSoASAFQAw%3D%3D"
"La Fundación Cahuita Playing for Change - Cahuita, Limón, Costa Rica",Cahuita,services,probable,Playing for Change Cahuita,0.667,14444699894257942648,review,classifier=probable,,unsigned-full/screenshots/92-734b8b4e7a.jpg,6298e52b22b905a0aa87ceceb6ec85f448612f6e2d43e7febb75a863908d1615,"https://www.google.com/maps/place/Playing+for+Change+Cahuita/@9.738397,-82.8403633,17z/data=!3m1!4b1!4m6!3m5!1s0x8fa6557e7c12ea15:0xc875e205c45e0078!8m2!3d9.738397!4d-82.8403633!16s%2Fg%2F11ln953nkm?hl=en&entry=ttu&g_ep=EgoyMDI2MDcxNS4wIKXMDSoASAFQAw%3D%3D"
"Nature Observatorio - Manzanillo, Limón, Costa Rica",Manzanillo,tour_company,exact,"The Amazing Treehouse and Nature Observatorio in Manzanillo, Limon, Costa Rica",1.0,315450376753766927,applied,exact + verified evidence + unique CID,,unsigned-full/screenshots/93-40d436974f.jpg,a8c8f0b6fb5655583c783bbdd84a350b862515ed19bd4b3b4ef2cb5e1dc74d83,"https://www.google.com/maps/place/The+Amazing+Treehouse+and+Nature+Observatorio+in+Manzanillo,+Limon,+Costa+Rica/@9.6159444,-82.6634626,17z/data=!3m1!4b1!4m6!3m5!1s0x8fa645c43e8b9af9:0x460b47242abe20f!8m2!3d9.6159444!4d-82.6634626!16s%2Fg%2F11c1ndry_b?hl=en&entry=ttu&g_ep=EgoyMDI2MDcxNS4wIKXMDSoASAFQAw%3D%3D"
"New Caribe Point - Cahuita, Limón, Costa Rica",Cahuita,vacation_rental,exact,Casas New Caribe Point,1.0,559816337485387828,applied,exact + verified evidence + unique CID,,unsigned-full/screenshots/94-2930129f70.jpg,c567dbe8ef58d390b70af5fe5bf7b285b5923a78dee6b5a2c313e26d3376c5dc,"https://www.google.com/maps/place/Casas+New+Caribe+Point/@9.7416534,-82.8520278,17z/data=!3m1!4b1!4m6!3m5!1s0x8fa6542640affe47:0x7c4ddfe2f46d834!8m2!3d9.7416534!4d-82.8520278!16s%2Fg%2F11cm427d4s?hl=en&entry=ttu&g_ep=EgoyMDI2MDcxNS4wIKXMDSoASAFQAw%3D%3D"
"Oasi Apartments - Cahuita, Limón, Costa Rica",Cahuita,vacation_rental,exact,Oasi Apartments,1.0,8808890887876405745,applied,exact + verified evidence + unique CID,,unsigned-full/screenshots/95-9fc3492f95.jpg,6365b0bb61b20a4a4f12eb269578790cb106fddea63e9dee5e8d1e130d504a0e,"https://www.google.com/maps/place/Oasi+Apartments/@9.7345228,-82.84111,17z/data=!4m9!3m8!1s0x8fa656a1b588c00b:0x7a3f77974d0c69f1!5m2!4m1!1i2!8m2!3d9.7345228!4d-82.84111!16s%2Fg%2F11bwh8fv2s?hl=en&entry=ttu&g_ep=EgoyMDI2MDcxNS4wIKXMDSoASAFQAw%3D%3D"
"Pangea Lodge - Manzanillo, Limón, Costa Rica",Manzanillo,vacation_rental,exact,Pangea Lodge,1.0,3867328685837116832,applied,exact + verified evidence + unique CID,,unsigned-full/screenshots/96-e146b4e951.jpg,03c0f5797b77b851f5eedc3c4e21ea43cfa5d51b6e3adac33ff614f20d019aa1,"https://www.google.com/maps/place/Pangea+Lodge/@9.6312186,-82.6584762,17z/data=!4m9!3m8!1s0x8fa645e59d358429:0x35ab82f324ffe5a0!5m2!4m1!1i2!8m2!3d9.6312186!4d-82.6584762!16s%2Fg%2F11f4wtkpz7?hl=en&entry=ttu&g_ep=EgoyMDI2MDcxNS4wIKXMDSoASAFQAw%3D%3D"
"Playa Negra Guesthouse - Cahuita, Limón, Costa Rica",Cahuita,hotel,exact,Playa Negra Guesthouse,1.0,9639892766267705924,applied,exact + verified evidence + unique CID,,unsigned-full/screenshots/97-7514f3b324.jpg,2f14e5540d0e62b1cf0aaae5b200343c28a8311bd6a9ea8611085137da700ec5,"https://www.google.com/maps/place/Playa+Negra+Guesthouse/@9.7415099,-82.8502858,17z/data=!4m9!3m8!1s0x8fa65426f463f8dd:0x85c7c765863e8a44!5m2!4m1!1i2!8m2!3d9.7415099!4d-82.8502858!16s%2Fg%2F1td1wht5?hl=en&entry=ttu&g_ep=EgoyMDI2MDcxNS4wIKXMDSoASAFQAw%3D%3D"
"Riverside Cabins and Houses - Cahuita, Limón, Costa Rica",Cahuita,hotel,exact,Riverside Cabins and Houses Cahuita Limón Costa Rica,1.0,5780823649006198050,applied,exact + verified evidence + unique CID,,unsigned-full/screenshots/98-b104a1431a.jpg,5f45171382df18d1fc64e13bcfe718def28f2e6997d6d76065ce6ab8f8ca3335,"https://www.google.com/maps/search/Riverside+Cabins+and+Houses+Cahuita+Lim%C3%B3n+Costa+Rica/@9.6929401,-82.7915974,12z/data=!3m1!4b1?hl=en&entry=ttu&g_ep=EgoyMDI2MDcxNS4wIKXMDSoASAFQAw%3D%3D"
"Se Ua Bed and Breakfast - Manzanillo, Limón, Costa Rica",Manzanillo,hotel,ambiguous,Se Ua,0.4,15469928124041183357,review,classifier=ambiguous,,unsigned-full/screenshots/99-e62ae6e281.jpg,79e4dcb2a383fb3bac632b263eb72097072bf6d12795216777c831f2a19682ed,"https://www.google.com/maps/place/Se+Ua/@9.6266848,-82.6686504,17z/data=!4m9!3m8!1s0x8fa645ebadb5f065:0xd6b039aa664cc07d!5m2!4m1!1i2!8m2!3d9.6266848!4d-82.6686504!16s%2Fg%2F11btlw3th0?hl=en&entry=ttu&g_ep=EgoyMDI2MDcxNS4wIKXMDSoASAFQAw%3D%3D"
"Secret Garden - Cahuita, Limón, Costa Rica",Cahuita,hostel,exact,Secret Garden,1.0,13536114438148732247,applied,exact + verified evidence + unique CID,,unsigned-full/screenshots/100-25d3481452.jpg,8f2f7bbfc6250f570ad51b287d9b6d82fb06ef7e5a4b23b0161624d45a636a8f,"https://www.google.com/maps/place/Secret+Garden/@9.7359805,-82.8400809,17z/data=!4m9!3m8!1s0x8fa657d004230fa7:0xbbd9f05d34e43557!5m2!4m1!1i2!8m2!3d9.7359805!4d-82.8400809!16s%2Fg%2F1hc1s67mc?hl=en&entry=ttu&g_ep=EgoyMDI2MDcxNS4wIKXMDSoASAFQAw%3D%3D"
"Soda y Cabinas Kaniki - Gandoca, Limón, Costa Rica",Gandoca,hotel,exact,Soda y Cabinas Kániki,1.0,1916707872062639626,applied,exact + verified evidence + unique CID,,unsigned-full/screenshots/101-536dd798d3.jpg,529fee3a2b3ffbfeaa5253b9ffde57b1420684b8188d5d5d7b43b4289ad221db,"https://www.google.com/maps/place/Soda+y+Cabinas+K%C3%A1niki/@9.5956523,-82.605028,17z/data=!4m9!3m8!1s0x8fa646fe213ca597:0x1a9983a78c7d0e0a!5m2!4m1!1i2!8m2!3d9.5956523!4d-82.605028!16s%2Fg%2F1tx1v7jy?hl=en&entry=ttu&g_ep=EgoyMDI2MDcxNS4wIKXMDSoASAFQAw%3D%3D"
"Suizo Loco Lodge - Cahuita, Limón, Costa Rica",Cahuita,hotel,exact,Suizo Loco Lodge,1.0,8321379610695665456,applied,exact + verified evidence + unique CID,,unsigned-full/screenshots/102-8b94240aec.jpg,5bb0589db3982712c9f2311e45849e841e0bf738554e4b582eebf2f2b69d8ebd,"https://www.google.com/maps/place/Suizo+Loco+Lodge/@9.7480258,-82.8616638,17z/data=!4m9!3m8!1s0x8fa6542d70a07e61:0x737b7aaad8b18730!5m2!4m1!1i2!8m2!3d9.7480258!4d-82.8616638!16s%2Fg%2F1v62jqhy?hl=en&entry=ttu&g_ep=EgoyMDI2MDcxNS4wIKXMDSoASAFQAw%3D%3D"
"TKD Caribe - Cahuita, Limón, Costa Rica",Cahuita,services,ambiguous,Sport Body Gym,0.25,7364638263800075443,review,classifier=ambiguous,"Sport Body Gym - Cahuita, Limón, Costa Rica",unsigned-full/screenshots/103-cc41284f8a.jpg,b09035ffaa96d6a893ed5a1579bc639f63a7b2aa421ce5353aa7b5659f36a873,"https://www.google.com/maps/place/Sport+Body+Gym/@9.7346237,-82.8478687,17z/data=!3m1!4b1!4m6!3m5!1s0x8fa6569c2a72abd7:0x6634737b3d0d94b3!8m2!3d9.7346237!4d-82.8478687!16s%2Fg%2F11bwc19zd7?hl=en&entry=ttu&g_ep=EgoyMDI2MDcxNS4wIKXMDSoASAFQAw%3D%3D"
"Tarponville Fishing Lodge - Manzanillo, Limón, Costa Rica",Manzanillo,hotel,exact,Tarponville Lodge,0.81,4106444293730751001,applied,exact + verified evidence + unique CID,,unsigned-full/screenshots/104-843c311b97.jpg,1718629c0e96a3a9381354faa40df72175f51d8ab12f9e33366db1488222ff4f,"https://www.google.com/maps/place/Tarponville+Lodge/@9.6374715,-82.650583,17z/data=!3m1!4b1!4m6!3m5!1s0x8fa645fc9ab05dc9:0x38fd055409c05219!8m2!3d9.6374715!4d-82.650583!16s%2Fg%2F11g8t_d778?hl=en&entry=ttu&g_ep=EgoyMDI2MDcxNS4wIKXMDSoASAFQAw%3D%3D"
"Topos Tree House - Cahuita, Limón, Costa Rica",Cahuita,vacation_rental,exact,Topos Tree House,1.0,1215314758681012489,applied,exact + verified evidence + unique CID,,unsigned-full/screenshots/105-2241c7c0c5.jpg,6819ec8d673f643600cb219b811c3996806aa88af15f1f44c20149d02c73120e,"https://www.google.com/maps/place/Topos+Tree+House/@9.7412994,-82.8523509,17z/data=!4m9!3m8!1s0x8fa65426e70ceaa3:0x10ddaa558178a909!5m2!4m1!1i2!8m2!3d9.7412994!4d-82.8523509!16s%2Fg%2F11b73mkngd?hl=en&entry=ttu&g_ep=EgoyMDI2MDcxNS4wIKXMDSoASAFQAw%3D%3D"
"Villa Mango - Cahuita, Limón, Costa Rica",Cahuita,vacation_rental,exact,Villa Mango,1.0,14486288414847239493,applied,exact + verified evidence + unique CID,,unsigned-full/screenshots/106-acb8e1bf08.jpg,7e96a26ab0fd1f041c5d1713fb32fef83aca41defd73cfbbd9f3749f490fdc23,"https://www.google.com/maps/place/Villa+Mango/@9.7323456,-82.8429855,17z/data=!3m1!4b1!4m6!3m5!1s0x8fa6569f54493a97:0xc909a28fc8d38545!8m2!3d9.7323456!4d-82.8429855!16s%2Fg%2F11c5s470wp?hl=en&entry=ttu&g_ep=EgoyMDI2MDcxNS4wIKXMDSoASAFQAw%3D%3D"
Kinawe Cabinas,Playa Negra,hotel,ambiguous,Results,0.19,1064329827366942288,review,classifier=ambiguous,,unsigned-full/screenshots/107-e7e08b1b93.jpg,263cd557afa7e2c4c66ed94299b341c6c83d3b27616163520d3cac7f1362f2b0,"https://www.google.com/maps/search/Kinawe+Cabinas+Playa+Negra+Lim%C3%B3n+Costa+Rica/@9.655536,-82.7732609,16z/data=!3m1!4b1?hl=en&entry=ttu&g_ep=EgoyMDI2MDcxNS4wIKXMDSoASAFQAw%3D%3D"
Geckoes Lodge,Cocles,hotel,exact,Geckoes Lodge,1.0,11623096819320863549,collision_review,CID already assigned in master,"Geckoes Lodge - Playa Cocles, Puerto Viejo, Limón, Costa Rica",unsigned-full/screenshots/108-4ed149ebb5.jpg,f1487a6424ff712eaca3dff746326db18a3aec7e4ba717013abf7d0448a043d2,"https://www.google.com/maps/place/Geckoes+Lodge/@9.6358975,-82.7345013,17z/data=!4m9!3m8!1s0x8fa64552abad4c05:0xa14d88f9b197bb3d!5m2!4m1!1i2!8m2!3d9.6358975!4d-82.7345013!16s%2Fg%2F1td2hzgm?hl=en&entry=ttu&g_ep=EgoyMDI2MDcxNS4wIKXMDSoASAFQAw%3D%3D"
Hotel Punta Cocles,Cocles,hotel,exact,Punta Cocles,0.8,6544015151011886307,applied,exact + verified evidence + unique CID,,unsigned-full/screenshots/109-a07ab63183.jpg,882b3c98261baf907c4aa9257d189a89c57124d20ad1995fe5f29170df045b78,"https://www.google.com/maps/place/Lim%C3%B3n+Province,+Punta+Cocles/@9.6439607,-82.7205813,17z/data=!3m1!4b1!4m6!3m5!1s0x8fa64558fde1036d:0x5ad1031bb0d674e3!8m2!3d9.6443015!4d-82.7205517!16s%2Fg%2F11h1bz793?authuser=0&hl=en&entry=ttu&g_ep=EgoyMDI2MDcxNS4wIKXMDSoASAFQAw%3D%3D"
Casa Naranjo,Cocles,hotel,exact,Casa Naranja,0.917,2274466818806698362,applied,exact + verified evidence + unique CID,,unsigned-full/screenshots/110-14690f1793.jpg,c75cd99c3c46e8e2b8a9a510334ecde0178adc809e4c899c1f13a9ce1b07dca6,"https://www.google.com/maps/place/Casa+Naranja/@9.6313598,-82.6719404,17z/data=!3m1!4b1!4m6!3m5!1s0x8fa6459304e9ce91:0x1f9087856462d17a!8m2!3d9.6313598!4d-82.6719404!16s%2Fg%2F11f5ly9y0f?hl=en&entry=ttu&g_ep=EgoyMDI2MDcxNS4wIKXMDSoASAFQAw%3D%3D"
Puerto Viejo de Talamanca,Playa Negra,restaurant,ambiguous,Playa Negra,0.333,1386465364860297778,review,classifier=ambiguous,,unsigned-full/screenshots/111-b83095725a.jpg,9b6e13c68e20f220db2bfe7faa4fc8d76d6d97bc8f1813c1ad54cb260f778cee,"https://www.google.com/maps/place/Playa+Negra/@9.6653257,-82.7735093,15z/data=!3m1!4b1!4m6!3m5!1s0x8fa6508b73da70c5:0x133db6e74de16232!8m2!3d9.6558077!4d-82.766232!16s%2Fg%2F11g_0tspm?hl=en&entry=ttu&g_ep=EgoyMDI2MDcxNS4wIKXMDSoASAFQAw%3D%3D"
Playa Chiquita Paradise,Cocles,restaurant,exact,Bar Restaurante Playa Chiquita Paradise,1.0,911501752511410968,applied,exact + verified evidence + unique CID,,unsigned-full/screenshots/112-2a323468ab.jpg,225b365ac7f0b588fdb17db6bcff3c2e8fbad96a1ba82961a6a46837903e80bd,"https://www.google.com/maps/place/Bar+Restaurante+Playa+Chiquita+Paradise/@9.6408621,-82.7112448,17z/data=!3m1!4b1!4m6!3m5!1s0x8fa645a0470e53dd:0xca64e03ba96b318!8m2!3d9.6408621!4d-82.7112448!16s%2Fg%2F11ly2fz58n?authuser=0&hl=en&entry=ttu&g_ep=EgoyMDI2MDcxNS4wIKXMDSoASAFQAw%3D%3D"
Taller Gabriel,Puerto Viejo,shopping,exact,Taller Mecánico y Lubricentro Gabriel,1.0,7243082637502018565,applied,exact + verified evidence + unique CID,,unsigned-full/screenshots/113-601c114e3b.jpg,1c5ffad20b362dceb414d8e94917fb469f18732bac6f84ebe912c7c661ee85f9,"https://www.google.com/maps/place/Taller+Mec%C3%A1nico+y+Lubricentro+Gabriel/@9.6495896,-82.8018969,17z/data=!3m1!4b1!4m6!3m5!1s0x8fa650a05ed243bd:0x64849948871b7405!8m2!3d9.6495896!4d-82.8018969!16s%2Fg%2F11c2jx2l62?hl=en&entry=ttu&g_ep=EgoyMDI2MDcxNS4wIKXMDSoASAFQAw%3D%3D"
