pvs_name,osm_name,match_score,pvs_category,osm_category,pvs_area,osm_lat,osm_lon,pvs_instagram,pvs_phone,pvs_verified,pvs_url
Casa Wolaba,Casa Wolaba,1.0,hostel,hostel,Puerto Viejo,9.6564853,-82.7518408,casa.wolaba,+506 6135 2969,2026-03-24,https://www.puertoviejosatellite.com/en/puerto-viejo/casa-wolaba/
El Clan Hostel,El Clan,0.7,hostel,hotel,Puerto Viejo,9.6572598,-82.7522685,elclan_hostel,+506 6374 1221,2026-03-24,https://www.puertoviejosatellite.com/en/puerto-viejo/el-clan-hostel/
Hotel Puerto Viejo,Backpackers Puerto Viejo,0.7,hostel,hostel,Puerto Viejo,9.657612,-82.7519744,hotelpuertoviejocr,+506 2750 0620,2026-03-27,https://www.puertoviejosatellite.com/en/puerto-viejo/hotel-puerto-viejo/
Oasis Beachfront Hostel,Oasis,0.7,hostel,vacation_rental,Puerto Viejo,9.658849,-82.7486778,oasis.hostel.pv,+506 8631 9322,2026-03-31,https://www.puertoviejosatellite.com/en/puerto-viejo/oasis-beachfront-hostel/
La Ruka Hostel,La Ruka Hostel,1.0,hostel,hostel,Puerto Viejo,9.6578238,-82.7473249,larukahostel,+506 2750 0617,2026-03-31,https://www.puertoviejosatellite.com/en/puerto-viejo/la-ruka-hostel/
La Tribu,La Tribu - solo para mujeres,0.7,hostel,hostel,Puerto Viejo,9.657644,-82.7516632,latribuhostelcr,+506 8809 9776,2026-04-02,https://www.puertoviejosatellite.com/en/puerto-viejo/la-tribu/
"Tasty Dayz Hostel - Playa Cocles, Puerto Viejo, Limón, Costa Rica",Selina Hostel Puerto Viejo,0.7,hostel,hostel,Cocles,9.656102,-82.7421064,tastydayz,+506 2750 0128,2026-02-19,https://www.puertoviejosatellite.com/en/cocles/tasty-dayz-hostel/
"Yuyo Huelal Totga - Playa Cocles, Puerto Viejo, Limón, Costa Rica",Selina Puerto Viejo,0.7,hostel,hostel,Cocles,9.6566557,-82.7433858,huelal_totga,+506 8983 4058,2025-05-24,https://www.puertoviejosatellite.com/en/cocles/yuyo-huelal-totga/
"Madre Selva Jungle Hostel - Playa Cocles, Puerto Viejo, Limón, Costa Rica",Selina Hostel Puerto Viejo,0.7,hostel,hostel,Cocles,9.656102,-82.7421064,madreselvahostel,+506 2215 2573,2025-12-16,https://www.puertoviejosatellite.com/en/cocles/madre-selva-jungle-hostel/
"Playa 506 - Playa Cocles, Puerto Viejo, Limón, Costa Rica",Selina Puerto Viejo,0.7,hostel,hostel,Cocles,9.6566557,-82.7433858,playa506,+506 2750 3158,2025-08-17,https://www.puertoviejosatellite.com/en/cocles/playa-506/
"Smile Jungle Hostel - Playa Cocles, Puerto Viejo, Limón, Costa Rica",Selina Hostel Puerto Viejo,0.7,hostel,hostel,Cocles,9.656102,-82.7421064,smilehostelcr,,2026-05-04,https://www.puertoviejosatellite.com/en/cocles/smile-jungle-hostel/
Amimodo Beach Rooms,Amimodo,0.7,hotel,restaurant,Puerto Viejo,9.6589731,-82.750556,,+506 2750 0257,2026-03-22,https://www.puertoviejosatellite.com/en/puerto-viejo/amimodo-beach-rooms/
Bungalows Calalú,Bungalows CALALÚ,1.0,hotel,hotel,Puerto Viejo,9.6579828,-82.7494002,,+506 2750 0042,2025-06-08,https://www.puertoviejosatellite.com/en/puerto-viejo/bungalows-calalu/
Cabinas Los Almendros,Cabinas Los Almendros,1.0,hotel,hotel,Puerto Viejo,9.6577184,-82.7549894,,+506 2750 0235,2026-01-30,https://www.puertoviejosatellite.com/en/puerto-viejo/cabinas-los-almendros/
Cabinas Guarana,Cabinas Guarana,1.0,hotel,hostel,Puerto Viejo,9.6556024,-82.7538449,guarana.puertoviejo,+506 2750 0244,2026-03-22,https://www.puertoviejosatellite.com/en/puerto-viejo/cabinas-guarana/
Cabinas Jacaranda,Jacaranda,0.7,hotel,hotel,Puerto Viejo,9.6551805,-82.7523597,,+506 2750-0069,2026-03-20,https://www.puertoviejosatellite.com/en/puerto-viejo/cabinas-jacaranda/
Cabinas Monte Sol,Monte Sol,0.7,hotel,hotel,Puerto Viejo,9.6577132,-82.7490971,,+506 2750 0098,2026-03-04,https://www.puertoviejosatellite.com/en/puerto-viejo/cabinas-monte-sol/
Cabinas Mor,Cabinas & Caribbean House MOR,0.7,hotel,hotel,Puerto Viejo,9.6562905,-82.7527317,,+506 2750 0145,2026-01-27,https://www.puertoviejosatellite.com/en/puerto-viejo/cabinas-mor/
Casitas La Playa,Casitas La Playa,1.0,hotel,hotel,Puerto Viejo,9.6579689,-82.7458301,,+506 5008 2987,2026-03-23,https://www.puertoviejosatellite.com/en/puerto-viejo/casitas-la-playa/
Chinuk Boutique Hotel,Olinca Boutique Hotel,0.7,hotel,hotel,Puerto Viejo,9.657691,-82.7501328,chinuk_rentals_cr,+506 6055 5149,2026-05-15,https://www.puertoviejosatellite.com/en/puerto-viejo/chinuk-boutique-hotel/
Conga Boutique Hotel,Hotel Blue Conga,0.7,hotel,hotel,Puerto Viejo,9.6563914,-82.7454319,,+506 2750 0681,2026-03-24,https://www.puertoviejosatellite.com/en/puerto-viejo/conga-boutique-hotel/
Escape Caribeño,Escape Caribeño,1.0,hotel,hotel,Puerto Viejo,9.6588858,-82.7488707,,+506 2750 0103,2026-03-19,https://www.puertoviejosatellite.com/en/puerto-viejo/escape-caribeno/
Indalo Hotel Boutique,Hotel Indalo,0.7,hotel,hotel,Puerto Viejo,9.6563546,-82.750528,,+506 2750 0826,2026-03-28,https://www.puertoviejosatellite.com/en/puerto-viejo/indalo-hotel-boutique/
Lizard King Hotel,Lizard King Resort,0.7,hotel,hotel,Puerto Viejo,9.6588229,-82.750128,,+506 2750 0614,2026-03-30,https://www.puertoviejosatellite.com/en/puerto-viejo/lizard-king-hotel/
Maritza Hotel,Hotel Maritza,1.0,hotel,hotel,Puerto Viejo,9.6569312,-82.7552227,,+506 2750 0003,2026-03-22,https://www.puertoviejosatellite.com/en/puerto-viejo/maritza-hotel/
Olinca Boutique Hotel,Olinca Boutique Hotel,1.0,hotel,hotel,Puerto Viejo,9.657691,-82.7501328,olincaboutiquehotel,+506 2229 5495,2026-03-30,https://www.puertoviejosatellite.com/en/puerto-viejo/olinca-boutique-hotel/
La Tica y La Gata,La Tica y la Gata,1.0,hotel,hotel,Puerto Viejo,9.6569866,-82.7470951,laticaylagata,+506 8756 0823,2026-05-21,https://www.puertoviejosatellite.com/en/puerto-viejo/la-tica-y-la-gata/
Yucca Beachfront Hotel,Hotel Perla Negra Beachfront,0.7,hotel,hotel,Puerto Viejo,9.6575633,-82.7718941,cabinasyuccahotel,+506 2750 0285,2026-03-25,https://www.puertoviejosatellite.com/en/puerto-viejo/yucca-beachfront-hotel/
"Banana Azul - Playa Negra, Puerto Viejo, Limón, Costa Rica",Selina Puerto Viejo,0.7,hotel,hostel,Playa Negra,9.6566557,-82.7433858,hotelbananaazul,+506 2750-2035,2026-03-04,https://www.puertoviejosatellite.com/en/playa-negra/banana-azul/
"Cabinas Kuákua - Playa Negra, Puerto Viejo, Limón, Costa Rica",Playa negra brewing,0.7,hotel,restaurant,Playa Negra,9.653791,-82.7585949,cabinaskuakua,+506 8960 7794,2025-02-28,https://www.puertoviejosatellite.com/en/playa-negra/cabinas-kuakua/
"Casa Luce - Playa Negra, Puerto Viejo, Limón, Costa Rica",Playa negra brewing,0.7,hotel,restaurant,Playa Negra,9.653791,-82.7585949,,+506 8953 6016,2025-12-16,https://www.puertoviejosatellite.com/en/playa-negra/casa-luce/
"Casitas Las Flores - Playa Negra, Puerto Viejo, Limón, Costa Rica",Casitas La Playa,0.7,hotel,hotel,Playa Negra,9.6579689,-82.7458301,,+506 8343 7810,2025-12-17,https://www.puertoviejosatellite.com/en/playa-negra/casitas-las-flores/
"Hidden Jungle Beach House - Playa Negra, Puerto Viejo, Limón, Costa Rica",Jungle Green House,0.7,hotel,hotel,Playa Negra,9.6350194,-82.7129835,hidden.jungle.beach.house,+506 8310 5061,2026-05-21,https://www.puertoviejosatellite.com/en/playa-negra/hidden-jungle-beach-house/
"Hotel One Love - Playa Negra, Puerto Viejo, Limón, Costa Rica",Playa negra brewing,0.7,hotel,restaurant,Playa Negra,9.653791,-82.7585949,,+506 8408 8073,2025-04-23,https://www.puertoviejosatellite.com/en/playa-negra/hotel-one-love/
"Iguana Lodge - Playa Negra, Puerto Viejo, Limón, Costa Rica",Selina Puerto Viejo,0.7,hotel,hostel,Playa Negra,9.6566557,-82.7433858,,+506 6353 5394,2025-12-15,https://www.puertoviejosatellite.com/en/playa-negra/iguana-lodge/
"Kaya's Place - Playa Negra, Puerto Viejo, Limón, Costa Rica",Selina Puerto Viejo,0.7,hotel,hostel,Playa Negra,9.6566557,-82.7433858,,+506 2750-0690,2025-07-28,https://www.puertoviejosatellite.com/en/playa-negra/kayas-place/
"Mecca - Playa Negra, Puerto Viejo, Limón, Costa Rica",Selina Puerto Viejo,0.7,hotel,hostel,Playa Negra,9.6566557,-82.7433858,mecca_pv,,2025-12-14,https://www.puertoviejosatellite.com/en/playa-negra/mecca/
"Olivia del Caribe - Playa Negra, Puerto Viejo, Limón, Costa Rica",Frutas del Caribe,0.7,hotel,shopping,Playa Negra,9.6575838,-82.7979967,oliviadelcaribe,+506 6273 7485,2025-10-01,https://www.puertoviejosatellite.com/en/playa-negra/olivia-del-caribe/
"Perla Negra Beachfront - Playa Negra, Puerto Viejo, Limón, Costa Rica",Selina Puerto Viejo,0.7,hotel,hostel,Playa Negra,9.6566557,-82.7433858,perla_negra_beachfront,+506 8301 5726,2026-05-27,https://www.puertoviejosatellite.com/en/playa-negra/perla-negra-beachfront/
"La Prometida - Playa Negra, Puerto Viejo, Limón, Costa Rica",Selina Puerto Viejo,0.7,hotel,hostel,Playa Negra,9.6566557,-82.7433858,laprometidahotel,,2026-02-13,https://www.puertoviejosatellite.com/en/playa-negra/la-prometida/
"Saranda Hotel Boutique - Playa Negra, Puerto Viejo, Limón, Costa Rica",Saranda,0.7,hotel,hotel,Playa Negra,9.6552424,-82.7690251,sarandaboutiquehotel,+506 8347 9333,2025-12-31,https://www.puertoviejosatellite.com/en/playa-negra/saranda-hotel-boutique/
"Sonora Jungle Retreat - Playa Negra, Puerto Viejo, Limón, Costa Rica",Selina Puerto Viejo,0.7,hotel,hostel,Playa Negra,9.6566557,-82.7433858,sonorajungleretreat,+506 4600 1111,2026-03-25,https://www.puertoviejosatellite.com/en/playa-negra/sonora-jungle-retreat/
"Sunshine Caribe - Playa Negra, Puerto Viejo, Limón, Costa Rica",Selina Puerto Viejo,0.7,hotel,hostel,Playa Negra,9.6566557,-82.7433858,,+506 2750 0401,2025-08-01,https://www.puertoviejosatellite.com/en/playa-negra/sunshine-caribe/
"Villas Allen - Playa Negra, Puerto Viejo, Limón, Costa Rica",VIllas Allen,0.7,hotel,hotel,Playa Negra,9.6507855,-82.763219,,+506 2756 8327,2025-07-02,https://www.puertoviejosatellite.com/en/playa-negra/villas-allen/
"Azania Bungalows - Playa Cocles, Puerto Viejo, Limón, Costa Rica",Selina Puerto Viejo,0.7,hotel,hostel,Cocles,9.6566557,-82.7433858,,+506 2750-0540,2025-06-29,https://www.puertoviejosatellite.com/en/cocles/azania-bungalows/
"Bambutel - Playa Cocles, Puerto Viejo, Limón, Costa Rica",Selina Puerto Viejo,0.7,hotel,hostel,Cocles,9.6566557,-82.7433858,,+506 7290 5459,2025-08-07,https://www.puertoviejosatellite.com/en/cocles/bambutel/
"Cabañas Cocles - Playa Cocles, Puerto Viejo, Limón, Costa Rica",Selina Puerto Viejo,0.7,hotel,hostel,Cocles,9.6566557,-82.7433858,cabanascocles,+506 8870 0110,2025-08-19,https://www.puertoviejosatellite.com/en/cocles/cabanas-cocles/
"Cabinas Ole Caribe - Playa Cocles, Puerto Viejo, Limón, Costa Rica",Backpackers Puerto Viejo,0.7,hotel,hostel,Cocles,9.657612,-82.7519744,,+506 2750 0455,2025-03-11,https://www.puertoviejosatellite.com/en/cocles/cabinas-ole-caribe/
"Caribe Town Resort - Playa Cocles, Puerto Viejo, Limón, Costa Rica",Selina Puerto Viejo,0.7,hotel,hostel,Cocles,9.6566557,-82.7433858,,+506 2750 2034,2026-03-04,https://www.puertoviejosatellite.com/en/cocles/caribe-town-resort/
"Cariblue Beach and Jungle Resort - Playa Cocles, Puerto Viejo, Limón, Costa Rica",Backpackers Puerto Viejo,0.7,hotel,hostel,Cocles,9.657612,-82.7519744,caribluehotel,+506 2750 0518,2026-02-24,https://www.puertoviejosatellite.com/en/cocles/cariblue-beach-and-jungle-resort/
"Colina Secreta - Playa Cocles, Puerto Viejo, Limón, Costa Rica",Selina Puerto Viejo,0.7,hotel,hostel,Cocles,9.6566557,-82.7433858,,+506 83509066,2026-02-20,https://www.puertoviejosatellite.com/en/cocles/colina-secreta/
"La Costa de Papito - Playa Cocles, Puerto Viejo, Limón, Costa Rica",Selina Puerto Viejo,0.7,hotel,hostel,Cocles,9.6566557,-82.7433858,,+506 2750-0080,2025-07-27,https://www.puertoviejosatellite.com/en/cocles/la-costa-de-papito/
"Los Delfines Lodge - Playa Cocles, Puerto Viejo, Limón, Costa Rica",Backpackers Puerto Viejo,0.7,hotel,hostel,Cocles,9.657612,-82.7519744,,+506 2750 0431,2025-12-18,https://www.puertoviejosatellite.com/en/cocles/los-delfines-lodge/
"Hotel Bugabutik - Playa Cocles, Puerto Viejo, Limón, Costa Rica",Hotel Bugabutik,0.7,hotel,hotel,Cocles,9.6313346,-82.7279752,,+506 2750 2012,2025-08-27,https://www.puertoviejosatellite.com/en/cocles/hotel-bugabutik/
"La Isla Inn - Playa Cocles, Puerto Viejo, Limón, Costa Rica",Selina Puerto Viejo,0.7,hotel,hostel,Cocles,9.6566557,-82.7433858,,+506 2750 0109,2025-09-02,https://www.puertoviejosatellite.com/en/cocles/la-isla-inn/
"Lanna Ban Hotel - Playa Cocles, Puerto Viejo, Limón, Costa Rica",Backpackers Puerto Viejo,0.7,hotel,hostel,Cocles,9.657612,-82.7519744,,+506 2750 3053,2025-09-01,https://www.puertoviejosatellite.com/en/cocles/lanna-ban-hotel/
"Le Caméléon - Playa Cocles, Puerto Viejo, Limón, Costa Rica",Selina Puerto Viejo,0.7,hotel,hostel,Cocles,9.6566557,-82.7433858,,+506 2750 0501,2025-09-02,https://www.puertoviejosatellite.com/en/cocles/le-cameleon/
"La Magia Bungalows - Playa Cocles, Puerto Viejo, Limón, Costa Rica",Selina Puerto Viejo,0.7,hotel,hostel,Cocles,9.6566557,-82.7433858,,+506 2750 3122,2025-12-16,https://www.puertoviejosatellite.com/en/cocles/la-magia-bungalows/
"La Paz del Caribe - Playa Cocles, Puerto Viejo, Limón, Costa Rica",Frutas del Caribe,0.7,hotel,shopping,Cocles,9.6575838,-82.7979967,,+506 8831 1684,2026-02-20,https://www.puertoviejosatellite.com/en/cocles/la-paz-del-caribe/
"Physis Caribbean Bed & Breakfast - Playa Cocles, Puerto Viejo, Limón, Costa Rica",Selina Puerto Viejo,0.7,hotel,hostel,Cocles,9.6566557,-82.7433858,,+506 8866 4405,2025-12-08,https://www.puertoviejosatellite.com/en/cocles/physis-caribbean-bed-and-breakfast/
"Pipa Lodge - Playa Cocles, Puerto Viejo, Limón, Costa Rica",Selina Puerto Viejo,0.7,hotel,hostel,Cocles,9.6566557,-82.7433858,pipalodgecr,+506 8940 9767,2025-08-20,https://www.puertoviejosatellite.com/en/cocles/pipa-lodge/
"Relax Natural Village - Playa Cocles, Puerto Viejo, Limón, Costa Rica",Selina Puerto Viejo,0.7,hotel,hostel,Cocles,9.6566557,-82.7433858,,+506 2756 8160,2025-12-08,https://www.puertoviejosatellite.com/en/cocles/relax-natural-village/
"Satta Lodge - Playa Cocles, Puerto Viejo, Limón, Costa Rica",Selina Puerto Viejo,0.7,hotel,hostel,Cocles,9.6566557,-82.7433858,sattalodge,+506 8308 5834,2026-03-31,https://www.puertoviejosatellite.com/en/cocles/satta-lodge/
"Casa Merlin Lodge - Playa Chiquita, Puerto Viejo, Limón, Costa Rica",Casa Camarona Lodge,0.7,hotel,hotel,Playa Chiquita,9.6521348,-82.7517995,,+506 2750 0581,2025-09-06,https://www.puertoviejosatellite.com/en/playa-chiquita/casa-merlin-lodge/
"Casitas Mar y Luz - Playa Chiquita, Puerto Viejo, Limón, Costa Rica",Casitas La Playa,0.7,hotel,hotel,Playa Chiquita,9.6579689,-82.7458301,,+506 2750 0686,2025-09-05,https://www.puertoviejosatellite.com/en/playa-chiquita/casitas-mar-y-luz/
"Green Jungle House - Playa Chiquita, Puerto Viejo, Limón, Costa Rica",Jungle Green House,0.7,hotel,hotel,Playa Chiquita,9.6350194,-82.7129835,,+506 8475 3859,2025-09-04,https://www.puertoviejosatellite.com/en/playa-chiquita/green-jungle-house/
"Hotel Aguas Claras - Playa Chiquita, Puerto Viejo, Limón, Costa Rica",Backpackers Puerto Viejo,0.7,hotel,hostel,Playa Chiquita,9.657612,-82.7519744,hotelaguasclaras,+506 2750-0131,2026-03-07,https://www.puertoviejosatellite.com/en/playa-chiquita/hotel-aguas-claras/
"Hotel Kasha - Playa Chiquita, Puerto Viejo, Limón, Costa Rica",Backpackers Puerto Viejo,0.7,hotel,hostel,Playa Chiquita,9.657612,-82.7519744,,+506 2750 0859,2025-08-24,https://www.puertoviejosatellite.com/en/playa-chiquita/hotel-kasha/
"Jaguar Inn Bungalows - Playa Chiquita, Puerto Viejo, Limón, Costa Rica",Selina Puerto Viejo,0.7,hotel,hostel,Playa Chiquita,9.6566557,-82.7433858,,+506 2750 0710,2025-12-04,https://www.puertoviejosatellite.com/en/playa-chiquita/jaguar-inn-bungalows/
"La Kukula Lodge - Playa Chiquita, Puerto Viejo, Limón, Costa Rica",Selina Puerto Viejo,0.7,hotel,hostel,Playa Chiquita,9.6566557,-82.7433858,lakukulalodge,+506 2750 0653,2026-03-05,https://www.puertoviejosatellite.com/en/playa-chiquita/la-kukula-lodge/
"Mar Verde Lodge - Playa Chiquita, Puerto Viejo, Limón, Costa Rica",Selina Puerto Viejo,0.7,hotel,hostel,Playa Chiquita,9.6566557,-82.7433858,,+506 8496 2464,2025-11-27,https://www.puertoviejosatellite.com/en/playa-chiquita/mar-verde-lodge/
"Namuwoki Lodge - Playa Chiquita, Puerto Viejo, Limón, Costa Rica",Selina Puerto Viejo,0.7,hotel,hostel,Playa Chiquita,9.6566557,-82.7433858,namuwokilodge,+506 2750 0278,2025-08-06,https://www.puertoviejosatellite.com/en/playa-chiquita/namuwoki-lodge/
"El Nido Jungle Lodge - Playa Chiquita, Puerto Viejo, Limón, Costa Rica",Backpackers Puerto Viejo,0.7,hotel,hostel,Playa Chiquita,9.657612,-82.7519744,elnidolodge,,2025-08-23,https://www.puertoviejosatellite.com/en/playa-chiquita/el-nido-jungle-lodge/
"Shawandha Lodge - Playa Chiquita, Puerto Viejo, Limón, Costa Rica",Selina Puerto Viejo,0.7,hotel,hostel,Playa Chiquita,9.6566557,-82.7433858,shawandha_ecolodge,+506 2750 0018,2026-01-28,https://www.puertoviejosatellite.com/en/playa-chiquita/shawandha-lodge/
"Tierra de Suenos Lodge - Playa Chiquita, Puerto Viejo, Limón, Costa Rica",Selina Puerto Viejo,0.7,hotel,hostel,Playa Chiquita,9.6566557,-82.7433858,,+506 2750 0378,2025-08-11,https://www.puertoviejosatellite.com/en/playa-chiquita/tierra-de-suenos-lodge/
"Tree House Lodge - Playa Chiquita, Puerto Viejo, Limón, Costa Rica",Selina Puerto Viejo,0.7,hotel,hostel,Playa Chiquita,9.6566557,-82.7433858,,+506 2750-0706,2026-03-02,https://www.puertoviejosatellite.com/en/playa-chiquita/tree-house-lodge/
"Villas del Caribe - Playa Chiquita, Puerto Viejo, Limón, Costa Rica",Frutas del Caribe,0.7,hotel,shopping,Playa Chiquita,9.6575838,-82.7979967,hotelvillasdelcaribe,+506 2750 0202,2025-12-13,https://www.puertoviejosatellite.com/en/playa-chiquita/villas-del-caribe/
"Awa Beach Boutique Hotel - Playa Punta Uva, Puerto Viejo, Limón, Costa Rica",Backpackers Puerto Viejo,0.7,hotel,hostel,Punta Uva,9.657612,-82.7519744,,+506 2759 9180,2025-12-11,https://www.puertoviejosatellite.com/en/punta-uva/awa-beach-boutique-hotel/
"La Ceiba Nature Reserve - Playa Punta Uva, Puerto Viejo, Limón, Costa Rica",Selina Puerto Viejo,0.7,hotel,hostel,Punta Uva,9.6566557,-82.7433858,,+506 2750 0710,2025-07-10,https://www.puertoviejosatellite.com/en/punta-uva/la-ceiba-nature-reserve/
"Pachamama Jungle River Lodge - Playa Punta Uva, Puerto Viejo, Limón, Costa Rica",Backpackers Puerto Viejo,0.7,hotel,hostel,Punta Uva,9.657612,-82.7519744,,+506 8456-6508,2025-12-17,https://www.puertoviejosatellite.com/en/punta-uva/pachamama-jungle-river-lodge/
"Cabinas Kinawe - Hone Creek, Limón, Costa Rica",Kinawe Cabinas,0.7,hotel,hotel,Hone Creek,9.648193,-82.7777331,kinawe_cabinas,+506 2756 8476,2026-05-21,https://www.puertoviejosatellite.com/en/hone-creek/cabinas-kinawe/
"Casa Conley Del Mar - Hone Creek, Limón, Costa Rica",Casa del Chocolate,0.7,hotel,shopping,Hone Creek,9.6480516,-82.7624995,,+506 8494 8131,2025-08-28,https://www.puertoviejosatellite.com/en/hone-creek/casa-conley-del-mar/
"Hotel Hawa - Hone Creek, Limón, Costa Rica",Hotel Hawa,0.7,hotel,hotel,Hone Creek,9.6473518,-82.7816296,,+506 2750 0594,2025-09-01,https://www.puertoviejosatellite.com/en/hone-creek/hotel-hawa/
"Century 21 Caribe - Playa Chiquita, Puerto Viejo, Limón, Costa Rica",Selina Puerto Viejo,0.7,real_estate,hostel,Playa Chiquita,9.6566557,-82.7433858,c21caribe,+506 2750 0602,2025-10-01,https://www.puertoviejosatellite.com/en/playa-chiquita/century-21-caribe/
RISE Puerto Viejo,Selina Puerto Viejo,0.7,real_estate,hostel,Puerto Viejo,9.6566557,-82.7433858,risecaribe,+506 8366 7578,2026-05-21,https://www.puertoviejosatellite.com/en/puerto-viejo/rise-puerto-viejo/
"Green Property Management - Playa Chiquita, Puerto Viejo, Limón, Costa Rica",Selina Puerto Viejo,0.7,real_estate,hostel,Playa Chiquita,9.6566557,-82.7433858,greenmanagementcr,+506  2750 0437,2025-09-09,https://www.puertoviejosatellite.com/en/playa-chiquita/green-property-management/
"Tasty Waves Cantina - Playa Cocles, Puerto Viejo, Limón, Costa Rica",Tasty Waves Cantina,0.7,restaurant,restaurant,Cocles,9.6534909,-82.7406628,tastywavescantina,+506 2750 0507,2026-02-19,https://www.puertoviejosatellite.com/en/cocles/tasty-waves-cantina/
Amimodo Restaurant,Amimodo,0.7,restaurant,restaurant,Puerto Viejo,9.6589731,-82.750556,restauranteamimodo,+506 2750 0257,2026-03-12,https://www.puertoviejosatellite.com/en/puerto-viejo/amimodo-restaurant/
"Arrecife Hotel y Restaurante - Playa Punta Uva, Puerto Viejo, Limón, Costa Rica",Backpackers Puerto Viejo,0.7,restaurant,hostel,Punta Uva,9.657612,-82.7519744,arrecifepuntauva,+506 2759 9200,2026-02-17,https://www.puertoviejosatellite.com/en/punta-uva/arrecife-hotel-y-restaurante/
"Azul Bar and Grill - Playa Negra, Puerto Viejo, Limón, Costa Rica",Selina Puerto Viejo,0.7,restaurant,hostel,Playa Negra,9.6566557,-82.7433858,,+506 2750-2035,2025-07-03,https://www.puertoviejosatellite.com/en/playa-negra/azul-bar-and-grill/
"Beach Break Restaurant - Playa Cocles, Puerto Viejo, Limón, Costa Rica",Selina Puerto Viejo,0.7,restaurant,hostel,Cocles,9.6566557,-82.7433858,beachbreak_cocles,+506 8304 0043,2025-07-01,https://www.puertoviejosatellite.com/en/cocles/beach-break-restaurant/
"Casa Rio Restaurant & Bar - Playa Cocles, Puerto Viejo, Limón, Costa Rica",Backpackers Puerto Viejo,0.7,restaurant,hostel,Cocles,9.657612,-82.7519744,rionegrocr,+506 8582 4000,2025-10-01,https://www.puertoviejosatellite.com/en/cocles/casa-rio-restaurant-and-bar/
La Casita de Monli,La Casita de Monli,1.0,restaurant,restaurant,Puerto Viejo,9.6567089,-82.7534834,lacasitademonli,+506 8312 2619,2026-03-24,https://www.puertoviejosatellite.com/en/puerto-viejo/la-casita-de-monli/
"El Chante de Moncho - Playa Cocles, Puerto Viejo, Limón, Costa Rica",Selina Puerto Viejo,0.7,restaurant,hostel,Cocles,9.6566557,-82.7433858,elchantedemoncho,+506 8314 7444,2025-12-15,https://www.puertoviejosatellite.com/en/cocles/el-chante-de-moncho/
Cocomar Comida Caribeña,Cocomar Comida Caribeña,1.0,restaurant,restaurant,Puerto Viejo,9.6569001,-82.7546627,cocomarpuertoviejo,+506 2750-3227,2026-02-26,https://www.puertoviejosatellite.com/en/puerto-viejo/cocomar-comida-caribena/
La Esquina Boruca Pizzeria,La Esquina Boruca,0.75,restaurant,restaurant,Puerto Viejo,9.6574732,-82.7536737,laesquinaboruca,+506 2750 0180,2026-03-08,https://www.puertoviejosatellite.com/en/puerto-viejo/la-esquina-boruca-pizzeria/
"Gigi Beach - Playa Cocles, Puerto Viejo, Limón, Costa Rica",Selina Puerto Viejo,0.7,restaurant,hostel,Cocles,9.6566557,-82.7433858,wearegigibeach,+506 8383 2176,2026-02-27,https://www.puertoviejosatellite.com/en/cocles/gigi-beach/
"GypSea Café - Playa Chiquita, Puerto Viejo, Limón, Costa Rica",Selina Puerto Viejo,0.7,restaurant,hostel,Playa Chiquita,9.6566557,-82.7433858,gypsea_cafe,+506 2750 2016,2025-07-21,https://www.puertoviejosatellite.com/en/playa-chiquita/gypsea-cafe/
"Il Fiore Rosso - Playa Cocles, Puerto Viejo, Limón, Costa Rica",Selina Puerto Viejo,0.7,restaurant,hostel,Cocles,9.6566557,-82.7433858,ilfiorerossocr,+506 8402 3939,2025-12-15,https://www.puertoviejosatellite.com/en/cocles/il-fiore-rosso/
KOKi Beach,KoKi Beach,1.0,restaurant,restaurant,Puerto Viejo,9.6577884,-82.7525543,kokibeach,+506 8505 9191,2026-02-28,https://www.puertoviejosatellite.com/en/puerto-viejo/koki-beach/
"La Leyenda de L'Antico Forno en El Establo de Bruce - Playa Chiquita, Puerto Viejo, Limón, Costa Rica",Selina Puerto Viejo,0.7,restaurant,hostel,Playa Chiquita,9.6566557,-82.7433858,la_leyenda_pizzeria,,2025-08-19,https://www.puertoviejosatellite.com/en/playa-chiquita/la-leyenda-de-lantico-forno-en-el-establo-de-bruce/
"Lizzie 1872 - Playa Cocles, Puerto Viejo, Limón, Costa Rica",Selina Puerto Viejo,0.7,restaurant,hostel,Cocles,9.6566557,-82.7433858,1872restaurant_,,2025-08-20,https://www.puertoviejosatellite.com/en/cocles/lizzie-1872/
"Mixta Comida y Cócteles - Playa Chiquita, Puerto Viejo, Limón, Costa Rica",Selina Puerto Viejo,0.7,restaurant,hostel,Playa Chiquita,9.6566557,-82.7433858,mixtacr,,2025-11-02,https://www.puertoviejosatellite.com/en/playa-chiquita/mixta-comida-y-cocteles/
Nanku,Nanku,1.0,restaurant,restaurant,Puerto Viejo,9.6577207,-82.7541115,nanku.puertoviejo,+506 8835 4041,2026-03-05,https://www.puertoviejosatellite.com/en/puerto-viejo/nanku/
"La Nena - Playa Cocles, Puerto Viejo, Limón, Costa Rica",Selina Puerto Viejo,0.7,restaurant,hostel,Cocles,9.6566557,-82.7433858,,+506 2537 9791,2025-11-22,https://www.puertoviejosatellite.com/en/cocles/la-nena/
"Otra Vez - Playa Chiquita, Puerto Viejo, Limón, Costa Rica",Selina Puerto Viejo,0.7,restaurant,hostel,Playa Chiquita,9.6566557,-82.7433858,otravezplayachiquita,+506 2750 0162,2026-02-19,https://www.puertoviejosatellite.com/en/playa-chiquita/otra-vez/
"El Pampa Asador - Playa Negra, Puerto Viejo, Limón, Costa Rica",Selina Puerto Viejo,0.7,restaurant,hostel,Playa Negra,9.6566557,-82.7433858,,+506 6274 1880,2025-10-01,https://www.puertoviejosatellite.com/en/playa-negra/el-pampa-asador/
Paradise Comida Caribeña,Cocomar Comida Caribeña,0.7,restaurant,restaurant,Puerto Viejo,9.6569001,-82.7546627,paradisepuertoviejo,+506 8467 3550,2026-03-31,https://www.puertoviejosatellite.com/en/puerto-viejo/paradise-comida-caribena/
"Pecora Nera - Playa Cocles, Puerto Viejo, Limón, Costa Rica",Pecora nera,0.7,restaurant,restaurant,Cocles,9.6434769,-82.7293552,lapecoraneracr,+506 8402 2335,2025-08-17,https://www.puertoviejosatellite.com/en/cocles/pecora-nera/
"Pizzeria Pulcinella - Playa Chiquita, Puerto Viejo, Limón, Costa Rica",Selina Puerto Viejo,0.7,restaurant,hostel,Playa Chiquita,9.6566557,-82.7433858,elnidoepulecenella,+506 2756 8274,2025-09-03,https://www.puertoviejosatellite.com/en/playa-chiquita/pizzeria-pulcinella/
Port Vell,Port Vell,1.0,restaurant,restaurant,Puerto Viejo,9.6565428,-82.7555551,portvellcr,+506 6038 8624,2026-03-31,https://www.puertoviejosatellite.com/en/puerto-viejo/port-vell/
"Pura Gula Restaurant - Playa Chiquita, Puerto Viejo, Limón, Costa Rica",Selina Puerto Viejo,0.7,restaurant,hostel,Playa Chiquita,9.6566557,-82.7433858,puragularestaurante,+506 8634 6404,2025-08-30,https://www.puertoviejosatellite.com/en/playa-chiquita/pura-gula-restaurant/
"Que Quilombo - Playa Chiquita, Puerto Viejo, Limón, Costa Rica",Selina Puerto Viejo,0.7,restaurant,hostel,Playa Chiquita,9.6566557,-82.7433858,quequilombo.cr,+506 6028 0423,2025-07-01,https://www.puertoviejosatellite.com/en/playa-chiquita/que-quilombo/
"El Refugio Grill - Playa Punta Uva, Puerto Viejo, Limón, Costa Rica",Selina Puerto Viejo,0.7,restaurant,hostel,Punta Uva,9.6566557,-82.7433858,,+506 2759 9007,2025-07-31,https://www.puertoviejosatellite.com/en/punta-uva/el-refugio-grill/
"Reggae Chill - Playa Cocles, Puerto Viejo, Limón, Costa Rica",Selina Puerto Viejo,0.7,restaurant,hostel,Cocles,9.6566557,-82.7433858,reggaechill,+506 7038 6231,2025-08-22,https://www.puertoviejosatellite.com/en/cocles/reggae-chill/
"El Rincon Porteño - Playa Chiquita, Puerto Viejo, Limón, Costa Rica",Selina Puerto Viejo,0.7,restaurant,hostel,Playa Chiquita,9.6566557,-82.7433858,elrinconporteno_pv,+506 8499 2651,2025-08-31,https://www.puertoviejosatellite.com/en/playa-chiquita/el-rincon-porteno/
Roly Caribbean Food,Joe Caribbean Food,0.7,restaurant,restaurant,Puerto Viejo,9.6581874,-82.7520586,roly.caribbean.food,+506 6090 8066,2026-04-02,https://www.puertoviejosatellite.com/en/puerto-viejo/roly-caribbean-food/
"La Ruedita - Playa Chiquita, Puerto Viejo, Limón, Costa Rica",Selina Puerto Viejo,0.7,restaurant,hostel,Playa Chiquita,9.6566557,-82.7433858,la_ruedita_cr,+506 6028 0423,2025-09-03,https://www.puertoviejosatellite.com/en/playa-chiquita/la-ruedita/
"Selvin's Restaurant and Cabinas - Playa Punta Uva, Puerto Viejo, Limón, Costa Rica",Backpackers Puerto Viejo,0.7,restaurant,hostel,Punta Uva,9.657612,-82.7519744,selvinsrestauranteycabinas,,2025-09-18,https://www.puertoviejosatellite.com/en/punta-uva/selvins-restaurant-and-cabinas/
El Sendero Beach Club,El Sendero,0.7,restaurant,restaurant,Puerto Viejo,9.658987,-82.750817,senderobeachclub,+506 8635 4721,2026-05-21,https://www.puertoviejosatellite.com/en/puerto-viejo/el-sendero-beach-club/
"Soda Playa Chiquita - Playa Chiquita, Puerto Viejo, Limón, Costa Rica",Selina Puerto Viejo,0.7,restaurant,hostel,Playa Chiquita,9.6566557,-82.7433858,,,2025-09-01,https://www.puertoviejosatellite.com/en/playa-chiquita/soda-playa-chiquita/
"El Sol del Caribe - Playa Cocles, Puerto Viejo, Limón, Costa Rica",Frutas del Caribe,0.7,restaurant,shopping,Cocles,9.6575838,-82.7979967,resta_soldelcaribe,+506 2750 2048,2025-08-05,https://www.puertoviejosatellite.com/en/cocles/el-sol-del-caribe/
"Spicy Coconut - Playa Chiquita, Puerto Viejo, Limón, Costa Rica",Selina Puerto Viejo,0.7,restaurant,hostel,Playa Chiquita,9.6566557,-82.7433858,spicycoconutpv,+506 2750-0584,2025-12-10,https://www.puertoviejosatellite.com/en/playa-chiquita/spicy-coconut/
Stashu's Con Fusion,Stashu‘s con fusion,1.0,restaurant,restaurant,Puerto Viejo,9.6569004,-82.7541777,stashusconfusion,+506 8385-6887,2026-03-08,https://www.puertoviejosatellite.com/en/puerto-viejo/stashus-con-fusion/
"Sushi Wave - Playa Cocles, Puerto Viejo, Limón, Costa Rica",Selina Puerto Viejo,0.7,restaurant,hostel,Cocles,9.6566557,-82.7433858,sushiwavecocles,+506 8651 3100,2025-09-01,https://www.puertoviejosatellite.com/en/cocles/sushi-wave/
"Zaika Bar & Grill - Playa Cocles, Puerto Viejo, Limón, Costa Rica",Selina Puerto Viejo,0.7,restaurant,hostel,Cocles,9.6566557,-82.7433858,zaikacocles,+506 8800 7708,2025-07-15,https://www.puertoviejosatellite.com/en/cocles/zaika-bar-and-grill/
"Da Lime Beach Club and Restaurant - Playa Chiquita, Puerto Viejo, Limón, Costa Rica",Selina Puerto Viejo,0.7,restaurant,hostel,Playa Chiquita,9.6566557,-82.7433858,,+506 2750 0131,2025-07-15,https://www.puertoviejosatellite.com/en/playa-chiquita/da-lime-beach-club-and-restaurant/
Green Jaguar Irish Gastro Pub,Green Jaguar,0.7,restaurant,restaurant,Puerto Viejo,9.6572996,-82.7523353,greenjaguar.pv,+506 8835 4041,2026-03-15,https://www.puertoviejosatellite.com/en/puerto-viejo/green-jaguar-irish-gastro-pub/
Johnny's Place,Johnny's Place,1.0,restaurant,restaurant,Puerto Viejo,9.6580098,-82.7551136,johnnysplacepv,+506 2750 0200,2026-03-05,https://www.puertoviejosatellite.com/en/puerto-viejo/johnnys-place/
"Playa Negra Brewing - Playa Negra, Puerto Viejo, Limón, Costa Rica",Selina Puerto Viejo,0.7,restaurant,hostel,Playa Negra,9.6566557,-82.7433858,,+506 2750 0690,2025-07-16,https://www.puertoviejosatellite.com/en/playa-negra/playa-negra-brewing/
"Baya Baya Café - Playa Cocles, Puerto Viejo, Limón, Costa Rica",Selina Puerto Viejo,0.7,restaurant,hostel,Cocles,9.6566557,-82.7433858,bayabaya.puertoviejo,+506 8702 5114,2026-05-25,https://www.puertoviejosatellite.com/en/cocles/baya-baya-cafe/
Bread and Chocolate,Bread & Chocolate,0.7,restaurant,restaurant,Puerto Viejo,9.6564184,-82.7538408,,+506 2750-0723,2026-02-11,https://www.puertoviejosatellite.com/en/puerto-viejo/bread-and-chocolate/
"Café del Mar - Playa Cocles, Puerto Viejo, Limón, Costa Rica",Selina Puerto Viejo,0.7,restaurant,hostel,Cocles,9.6566557,-82.7433858,cafedelmar.pv,+506 6429 7402,2025-09-26,https://www.puertoviejosatellite.com/en/cocles/cafe-del-mar/
"Caribeans Coffee and Chocolate - Playa Cocles, Puerto Viejo, Limón, Costa Rica",Selina Puerto Viejo,0.7,restaurant,hostel,Cocles,9.6566557,-82.7433858,caribeanscr,+506 2750-0504,2025-07-17,https://www.puertoviejosatellite.com/en/cocles/caribeans-coffee-and-chocolate/
Como En Mi Casa Art Cafe,Como en mi Casa,0.7,restaurant,restaurant,Puerto Viejo,9.6574401,-82.7549364,comoenmicasaartcafe,+506 6069 6319,2026-03-24,https://www.puertoviejosatellite.com/en/puerto-viejo/como-en-mi-casa-art-cafe/
Gelateria Deelite,Gelateria Deelite,1.0,restaurant,restaurant,Puerto Viejo,9.6565116,-82.7558203,gelateriadeelite,+506 8429 1667,2026-02-23,https://www.puertoviejosatellite.com/en/puerto-viejo/gelateria-deelite/
Ocho Nani,Ocho Nani,1.0,restaurant,restaurant,Puerto Viejo,9.6576052,-82.7552791,,+506 8928 8272,2026-02-17,https://www.puertoviejosatellite.com/en/puerto-viejo/ocho-nani/
Sweet Moments,Heladería Sweet Moments,0.7,restaurant,restaurant,Puerto Viejo,9.6570165,-82.7540614,,+506 8994 7497,2025-08-13,https://www.puertoviejosatellite.com/en/puerto-viejo/sweet-moments/
"Ecolavacar del Caribe - Hone Creek, Limón, Costa Rica",Frutas del Caribe,0.7,services,shopping,Hone Creek,9.6575838,-82.7979967,ecolavacar_caribe,+506 6348 7049,2025-09-29,https://www.puertoviejosatellite.com/en/hone-creek/ecolavacar-del-caribe/
"La Casa del Coral - Playa Cocles, Puerto Viejo, Limón, Costa Rica",Backpackers Puerto Viejo,0.7,services,hostel,Cocles,9.657612,-82.7519744,coralconservation_cr,,2025-08-19,https://www.puertoviejosatellite.com/en/cocles/la-casa-del-coral/
"Chamber of Tourism and Commerce Caribe Sur - Playa Negra, Puerto Viejo, Limón, Costa Rica",Selina Puerto Viejo,0.7,services,hostel,Playa Negra,9.6566557,-82.7433858,catccas,+506 2750 3117,2025-07-04,https://www.puertoviejosatellite.com/en/playa-negra/chamber-of-tourism-and-commerce-caribe-sur/
"El Puente-The Bridge - Playa Negra, Puerto Viejo, Limón, Costa Rica",Selina Puerto Viejo,0.7,services,hostel,Playa Negra,9.6566557,-82.7433858,elpuentethebridge,+506 8771 9702,2025-07-12,https://www.puertoviejosatellite.com/en/playa-negra/el-puente-the-bridge/
"Puerto Viejo Police Station - Playa Negra, Puerto Viejo, Limón, Costa Rica",Selina Puerto Viejo,0.7,services,hostel,Playa Negra,9.6566557,-82.7433858,,+506 2750 0230,2025-02-01,https://www.puertoviejosatellite.com/en/playa-negra/puerto-viejo-police-station/
Puerto Viejo Police Town Station,Selina Puerto Viejo,0.7,services,hostel,Puerto Viejo,9.6566557,-82.7433858,,,2025-02-15,https://www.puertoviejosatellite.com/en/puerto-viejo/puerto-viejo-police-town-station/
Banco de Costa Rica Puerto Viejo,Selina Puerto Viejo,0.7,services,hostel,Puerto Viejo,9.6566557,-82.7433858,,+506 2750-0707,2026-03-20,https://www.puertoviejosatellite.com/en/puerto-viejo/banco-de-costa-rica-puerto-viejo/
Caribe Dental,Caribe Dental,1.0,services,services,Puerto Viejo,9.6566883,-82.7540063,,+506 8819-9975,2026-02-24,https://www.puertoviejosatellite.com/en/puerto-viejo/caribe-dental/
"Laboratorio Clínico Leysa - Playa Negra, Puerto Viejo, Limón, Costa Rica",Selina Puerto Viejo,0.7,services,hostel,Playa Negra,9.6566557,-82.7433858,,+506 8655 5082,2025-08-01,https://www.puertoviejosatellite.com/en/playa-negra/laboratorio-clinico-leysa/
Washboard,Washboard,1.0,services,shopping,Puerto Viejo,9.6585203,-82.7483919,washboard.cr,+506 6080 5555,2026-02-09,https://www.puertoviejosatellite.com/en/puerto-viejo/washboard/
Cosmos Puerto Viejo Tattoo,Selina Puerto Viejo,0.7,services,hostel,Puerto Viejo,9.6566557,-82.7433858,cosmos.puertoviejotattoo,+506 8483 3243,2026-03-28,https://www.puertoviejosatellite.com/en/puerto-viejo/cosmos-puerto-viejo-tattoo/
"Indulgence Spa - Playa Cocles, Puerto Viejo, Limón, Costa Rica",Selina Puerto Viejo,0.7,services,hostel,Cocles,9.6566557,-82.7433858,_indulgencespa,+506 2750 0536,2025-09-02,https://www.puertoviejosatellite.com/en/cocles/indulgence-spa/
"Kona Wellness Shala - Playa Cocles, Puerto Viejo, Limón, Costa Rica",Selina Puerto Viejo,0.7,services,hostel,Cocles,9.6566557,-82.7433858,konashala,+506 8686 5662,2025-10-22,https://www.puertoviejosatellite.com/en/cocles/kona-wellness-shala/
"Octo Salon - Playa Chiquita, Puerto Viejo, Limón, Costa Rica",Selina Puerto Viejo,0.7,services,hostel,Playa Chiquita,9.6566557,-82.7433858,octosalon,+506 6314 4363,2025-08-19,https://www.puertoviejosatellite.com/en/playa-chiquita/octo-salon/
"Pure Love Liberation - Playa Cocles, Puerto Viejo, Limón, Costa Rica",Selina Puerto Viejo,0.7,services,hostel,Cocles,9.6566557,-82.7433858,pureloveliberation,+506 8493 3668,2025-08-02,https://www.puertoviejosatellite.com/en/cocles/pure-love-liberation/
"Surya Spa - Playa Cocles, Puerto Viejo, Limón, Costa Rica",Selina Puerto Viejo,0.7,services,hostel,Cocles,9.6566557,-82.7433858,,+506 8697 9863,2025-07-23,https://www.puertoviejosatellite.com/en/cocles/surya-spa/
Vol'Air Dance Studio,Vol‘Air,0.7,services,unknown,Puerto Viejo,9.6574938,-82.7544689,volairpuertoviejo,+506 8301 9933,2026-04-01,https://www.puertoviejosatellite.com/en/puerto-viejo/vol-air-dance-studio/
Puerto Viejo Dogs,Selina Puerto Viejo,0.7,services,hostel,Puerto Viejo,9.6566557,-82.7433858,,+506 2756 8306,2026-04-03,https://www.puertoviejosatellite.com/en/puerto-viejo/puerto-viejo-dogs/
Puerto Viejo Bike Rentals,Puerto Viejo Bike Rentals,1.0,services,shopping,Puerto Viejo,9.6569665,-82.7555291,puertoviejobikerentals,+506 7264 7530,2026-02-20,https://www.puertoviejosatellite.com/en/puerto-viejo/puerto-viejo-bike-rentals/
"Pura Ride by Ciclo Cocles - Playa Cocles, Puerto Viejo, Limón, Costa Rica",Selina Puerto Viejo,0.7,services,hostel,Cocles,9.6566557,-82.7433858,puraride_rent,+506 8825 9227,2025-08-20,https://www.puertoviejosatellite.com/en/cocles/pura-ride-by-ciclo-cocles/
"Centro Educativo Playa Chiquita Punta Uva - Playa Chiquita, Puerto Viejo, Limón, Costa Rica",Selina Puerto Viejo,0.7,services,hostel,Playa Chiquita,9.6566557,-82.7433858,caribesur_school,+506 2750 0754,2025-10-01,https://www.puertoviejosatellite.com/en/playa-chiquita/centro-educativo-playa-chiquita-punta-uva/
"Proyecto Educativo Semillas de Paz - Playa Chiquita, Puerto Viejo, Limón, Costa Rica",Selina Puerto Viejo,0.7,services,hostel,Playa Chiquita,9.6566557,-82.7433858,,+506 2756 8325,2025-09-05,https://www.puertoviejosatellite.com/en/playa-chiquita/proyecto-educativo-semillas-de-paz/
Spanish School Pura Vida,Spanish School,0.7,services,services,Puerto Viejo,9.6551413,-82.7532075,,+506 8570 9768,2026-03-02,https://www.puertoviejosatellite.com/en/puerto-viejo/spanish-school-pura-vida/
"Veronica's Place Cooking Class - Playa Cocles, Puerto Viejo, Limón, Costa Rica",Selina Puerto Viejo,0.7,services,hostel,Cocles,9.6566557,-82.7433858,,+506 8918 3238,2025-06-13,https://www.puertoviejosatellite.com/en/cocles/veronicas-place-cooking-class/
"Correos de CR - Playa Negra, Puerto Viejo, Limón, Costa Rica",Correos de Costa Rica,0.7,services,services,Playa Negra,9.6541471,-82.7665844,CorreosCR,,2025-08-19,https://www.puertoviejosatellite.com/en/playa-negra/correos-de-cr/
Puerto Viejo Multicentro,Selina Puerto Viejo,0.7,services,hostel,Puerto Viejo,9.6566557,-82.7433858,,,2025-12-29,https://www.puertoviejosatellite.com/en/puerto-viejo/puerto-viejo-multicentro/
"Black Shack Surf School - Playa Cocles, Puerto Viejo, Limón, Costa Rica",Selina Puerto Viejo,0.7,services,hostel,Cocles,9.6566557,-82.7433858,blackshack_surf_school.cr,+506 7106 9930,2026-01-30,https://www.puertoviejosatellite.com/en/cocles/black-shack-surf-school/
"Surf Meds Caribe - Playa Cocles, Puerto Viejo, Limón, Costa Rica",Selina Puerto Viejo,0.7,services,hostel,Cocles,9.6566557,-82.7433858,surf_meds_caribe,+506 8566 9444,2025-08-06,https://www.puertoviejosatellite.com/en/cocles/surf-meds-caribe/
"Tico Surf and Skate - Playa Cocles, Puerto Viejo, Limón, Costa Rica",Selina Puerto Viejo,0.7,services,hostel,Cocles,9.6566557,-82.7433858,ticosurfcaribe,+506 2750 3063,2025-05-17,https://www.puertoviejosatellite.com/en/cocles/tico-surf-and-skate/
"Casa Mandala - Playa Chiquita, Puerto Viejo, Limón, Costa Rica",Casa Mandala,0.7,shopping,shopping,Playa Chiquita,9.6379564,-82.7113265,casamandala.costarica,+506 8442 1298,2025-12-26,https://www.puertoviejosatellite.com/en/playa-chiquita/casa-mandala/
DiTown Shop,Ditown,0.7,shopping,restaurant,Puerto Viejo,9.657063,-82.755454,ditownshop,+506 8314 6508,2026-03-27,https://www.puertoviejosatellite.com/en/puerto-viejo/ditown-shop/
Tienda Caribe,Tienda Caribe,1.0,shopping,shopping,Puerto Viejo,9.656416,-82.754159,caribe_tienda,+506 8443 5067,2026-03-08,https://www.puertoviejosatellite.com/en/puerto-viejo/tienda-caribe/
"Almacen San Francisco - Playa Negra, Puerto Viejo, Limón, Costa Rica",Selina Puerto Viejo,0.7,shopping,hostel,Playa Negra,9.6566557,-82.7433858,,+506 2756 8478,2025-06-11,https://www.puertoviejosatellite.com/en/playa-negra/almacen-san-francisco/
"FerreCocles - Playa Cocles, Puerto Viejo, Limón, Costa Rica",Ferrecocles,0.7,shopping,shopping,Cocles,9.6445656,-82.7297491,,+506 2750-2102,2025-04-05,https://www.puertoviejosatellite.com/en/cocles/ferrecocles/
Red Monkey Liquor Store,Red Monkey,0.7,shopping,shopping,Puerto Viejo,9.6567503,-82.7540817,,+506 8525 1102,2026-03-28,https://www.puertoviejosatellite.com/en/puerto-viejo/red-monkey-liquor-store/
"Flor de China - Playa Negra, Puerto Viejo, Limón, Costa Rica",Selina Puerto Viejo,0.7,shopping,hostel,Playa Negra,9.6566557,-82.7433858,,,2025-07-18,https://www.puertoviejosatellite.com/en/playa-negra/flor-de-china/
Farmacia Caribe,Farmacia Caribe,1.0,shopping,services,Puerto Viejo,9.6561617,-82.7550881,,+506 2750 0698,2026-01-27,https://www.puertoviejosatellite.com/en/puerto-viejo/farmacia-caribe/
"Farmacia Don Manuel - Playa Cocles, Puerto Viejo, Limón, Costa Rica",Selina Puerto Viejo,0.7,shopping,hostel,Cocles,9.6566557,-82.7433858,farmaciasdonmanuel,+506 8770 9072,2025-08-12,https://www.puertoviejosatellite.com/en/cocles/farmacia-don-manuel/
Puerto Viejo Pharmacy,Selina Puerto Viejo,0.7,shopping,hostel,Puerto Viejo,9.6566557,-82.7433858,,+506 2750 2109,2026-02-02,https://www.puertoviejosatellite.com/en/puerto-viejo/puerto-viejo-pharmacy/
Puerto Viejo Farmers and Artisans Market,Selina Puerto Viejo,0.7,shopping,hostel,Puerto Viejo,9.6566557,-82.7433858,pvfarmersmarket,+506 2750 0883,2026-01-24,https://www.puertoviejosatellite.com/en/puerto-viejo/puerto-viejo-farmers-and-artisans-market/
Bio Mercado Puerto Viejo,Selina Puerto Viejo,0.7,shopping,hostel,Puerto Viejo,9.6566557,-82.7433858,biomercado.pv,+506 2750 3224,2025-12-17,https://www.puertoviejosatellite.com/en/puerto-viejo/bio-mercado-puerto-viejo/
Centro de Carnes Canada,Centro de Carnes Canada,1.0,shopping,shopping,Puerto Viejo,9.6573429,-82.7548578,,,2025-10-30,https://www.puertoviejosatellite.com/en/puerto-viejo/centro-de-carnes-canada/
"El Duende Gourmet - Playa Chiquita, Puerto Viejo, Limón, Costa Rica",El Duende Gourmet,0.7,shopping,restaurant,Playa Chiquita,9.6387511,-82.7126925,,,2025-08-30,https://www.puertoviejosatellite.com/en/playa-chiquita/el-duende-gourmet/
Mercadito Puerto Viejo,Selina Puerto Viejo,0.7,shopping,hostel,Puerto Viejo,9.6566557,-82.7433858,mercadito1_pv,+506 7092-0208,2026-02-13,https://www.puertoviejosatellite.com/en/puerto-viejo/mercadito-puerto-viejo/
Namú Ecotienda Orgánica,Namú ecotienda orgánica,1.0,shopping,shopping,Puerto Viejo,9.6558024,-82.7545306,namu_ecotienda_organica,+506 8886 2133,2026-02-18,https://www.puertoviejosatellite.com/en/puerto-viejo/namu-ecotienda-organica/
"Super Banana Gourmet Market - Playa Negra, Puerto Viejo, Limón, Costa Rica",Selina Puerto Viejo,0.7,shopping,hostel,Playa Negra,9.6566557,-82.7433858,,,2025-04-26,https://www.puertoviejosatellite.com/en/playa-negra/super-banana-gourmet-market/
"Super Cocles - Playa Cocles, Puerto Viejo, Limón, Costa Rica",Selina Puerto Viejo,0.7,shopping,hostel,Cocles,9.6566557,-82.7433858,,,2025-07-29,https://www.puertoviejosatellite.com/en/cocles/super-cocles/
"Super Negro Cocles - Playa Cocles, Puerto Viejo, Limón, Costa Rica",Selina Puerto Viejo,0.7,shopping,hostel,Cocles,9.6566557,-82.7433858,supernegrosupermercado,,2025-09-03,https://www.puertoviejosatellite.com/en/cocles/super-negro-cocles/
"Super Negro Hone Creek - Hone Creek, Limón, Costa Rica",Super Negro,0.7,shopping,shopping,Hone Creek,9.6442474,-82.7331469,supernegrosupermercado,+506 2750 0154,2025-09-03,https://www.puertoviejosatellite.com/en/hone-creek/super-negro-hone-creek/
"Super Punta Uva - Playa Punta Uva, Puerto Viejo, Limón, Costa Rica",Selina Puerto Viejo,0.7,shopping,hostel,Punta Uva,9.6566557,-82.7433858,,,2025-08-19,https://www.puertoviejosatellite.com/en/punta-uva/super-punta-uva/
"Super SK - Playa Negra, Puerto Viejo, Limón, Costa Rica",Selina Puerto Viejo,0.7,shopping,hostel,Playa Negra,9.6566557,-82.7433858,,+506 2750 0392,2025-07-22,https://www.puertoviejosatellite.com/en/playa-negra/super-sk/
Value Mart Puerto Viejo,Selina Puerto Viejo,0.7,shopping,hostel,Puerto Viejo,9.6566557,-82.7433858,valuemartcr,+506 2750 2160,2026-04-03,https://www.puertoviejosatellite.com/en/puerto-viejo/value-mart-puerto-viejo/
"Caribe Horse Riding Club - Playa Cocles, Puerto Viejo, Limón, Costa Rica",Selina Puerto Viejo,0.7,tour_company,hostel,Cocles,9.6566557,-82.7433858,,+506 8705 4250,2025-08-11,https://www.puertoviejosatellite.com/en/cocles/caribe-horse-riding-club/
"Ceibo Adventure - Playa Chiquita, Puerto Viejo, Limón, Costa Rica",Selina Puerto Viejo,0.7,tour_company,hostel,Playa Chiquita,9.6566557,-82.7433858,thegreenjunglehouse,+506 8475 3859,2025-09-05,https://www.puertoviejosatellite.com/en/playa-chiquita/ceibo-adventure/
"Finca La Isla Botanical Garden - Playa Negra, Puerto Viejo, Limón, Costa Rica",Selina Puerto Viejo,0.7,tour_company,hostel,Playa Negra,9.6566557,-82.7433858,,+506 8829 4229,2025-07-06,https://www.puertoviejosatellite.com/en/playa-negra/finca-la-isla-botanical-garden/
"Finca Tierra - Playa Cocles, Puerto Viejo, Limón, Costa Rica",Selina Puerto Viejo,0.7,tour_company,hostel,Cocles,9.6566557,-82.7433858,,+506 8390-8348,2025-07-27,https://www.puertoviejosatellite.com/en/cocles/finca-tierra/
"Green Water SUP Tours - Playa Punta Uva, Puerto Viejo, Limón, Costa Rica",Selina Puerto Viejo,0.7,tour_company,hostel,Punta Uva,9.6566557,-82.7433858,,+506 8844 4432,2024-07-16,https://www.puertoviejosatellite.com/en/punta-uva/green-water-sup-tours/
"Jaguar Rescue Center - Playa Chiquita, Puerto Viejo, Limón, Costa Rica",Selina Puerto Viejo,0.7,tour_company,hostel,Playa Chiquita,9.6566557,-82.7433858,jaguarrescuecentercr,+506 2750 0710,2025-08-19,https://www.puertoviejosatellite.com/en/playa-chiquita/jaguar-rescue-center/
"Punta Uva Dive Center - Playa Punta Uva, Puerto Viejo, Limón, Costa Rica",Selina Puerto Viejo,0.7,tour_company,hostel,Punta Uva,9.6566557,-82.7433858,,+506 8844-4432,2025-05-23,https://www.puertoviejosatellite.com/en/punta-uva/punta-uva-dive-center/
"Ride the Rainforest - Playa Chiquita, Puerto Viejo, Limón, Costa Rica",Selina Puerto Viejo,0.7,tour_company,hostel,Playa Chiquita,9.6566557,-82.7433858,ridetherainforestcostarica,+506 6192 8939,2025-08-27,https://www.puertoviejosatellite.com/en/playa-chiquita/ride-the-rainforest/
"Talamanca Chocolate - Playa Negra, Puerto Viejo, Limón, Costa Rica",Selina Puerto Viejo,0.7,tour_company,hostel,Playa Negra,9.6566557,-82.7433858,chocolateismedicine,+506 8910 9318,2025-07-18,https://www.puertoviejosatellite.com/en/playa-negra/talamanca-chocolate/
Interbus office,Interbus,0.7,tour_company,shopping,Puerto Viejo,9.6568652,-82.7556471,,+506 2750 2145,2026-03-28,https://www.puertoviejosatellite.com/en/puerto-viejo/interbus-office/
Puerto Viejo Golf Carts,Selina Puerto Viejo,0.7,tour_company,hostel,Puerto Viejo,9.6566557,-82.7433858,puertoviejogolf,+506 8542 4377,2026-04-01,https://www.puertoviejosatellite.com/en/puerto-viejo/puerto-viejo-golf-carts/
Best Travel Puerto Viejo,Best Travel Puerto Viejo,1.0,tour_company,shopping,Puerto Viejo,9.6563213,-82.7540946,besttravelpuertoviejo,+506 2238 0739,2026-01-27,https://www.puertoviejosatellite.com/en/puerto-viejo/best-travel-puerto-viejo/
"Caribe Fun Tours - Playa Negra, Puerto Viejo, Limón, Costa Rica",Selina Puerto Viejo,0.7,tour_company,hostel,Playa Negra,9.6566557,-82.7433858,,+506 2756 8118,2025-03-29,https://www.puertoviejosatellite.com/en/playa-negra/caribe-fun-tours/
Casa Black Chaini,Casa Black Chaini,1.0,vacation_rental,hotel,Puerto Viejo,9.6543169,-82.7450134,,+506 5009 0917,2026-03-17,https://www.puertoviejosatellite.com/en/puerto-viejo/casa-black-chaini/
"Casa Roble de Playa Negra - Playa Negra, Puerto Viejo, Limón, Costa Rica",Playa negra brewing,0.7,vacation_rental,restaurant,Playa Negra,9.653791,-82.7585949,casarobledeplayanegra,,2025-09-05,https://www.puertoviejosatellite.com/en/playa-negra/casa-roble-de-playa-negra/
"Villa Abejita - Playa Negra, Puerto Viejo, Limón, Costa Rica",Selina Puerto Viejo,0.7,vacation_rental,hostel,Playa Negra,9.6566557,-82.7433858,,+506 6461 4110,2026-02-01,https://www.puertoviejosatellite.com/en/playa-negra/villa-abejita/
"Villa del Mito - Playa Negra, Puerto Viejo, Limón, Costa Rica",Selina Puerto Viejo,0.7,vacation_rental,hostel,Playa Negra,9.6566557,-82.7433858,,+506 6461 4110,2026-05-06,https://www.puertoviejosatellite.com/en/playa-negra/villa-del-mito/
"Magic Moon Beach House - Playa Negra, Puerto Viejo, Limón, Costa Rica",Selina Puerto Viejo,0.7,vacation_rental,hostel,Playa Negra,9.6566557,-82.7433858,,,2026-03-09,https://www.puertoviejosatellite.com/en/playa-negra/magic-moon-beach-house/
"Be My Guest Cabinas - Playa Negra, Puerto Viejo, Limón, Costa Rica",Playa negra brewing,0.7,vacation_rental,restaurant,Playa Negra,9.653791,-82.7585949,,+506 2756 8376,2025-07-02,https://www.puertoviejosatellite.com/en/playa-negra/be-my-guest-cabinas/
"Blessed House - Playa Negra, Puerto Viejo, Limón, Costa Rica",Selina Puerto Viejo,0.7,vacation_rental,hostel,Playa Negra,9.6566557,-82.7433858,blessedhouse,+506 8926 2630,2026-02-12,https://www.puertoviejosatellite.com/en/playa-negra/blessed-house/
"Blossom Paradise Retreat - Playa Negra, Puerto Viejo, Limón, Costa Rica",Selina Puerto Viejo,0.7,vacation_rental,hostel,Playa Negra,9.6566557,-82.7433858,blossomparadiseretreat,+506 8438 1065,2025-08-14,https://www.puertoviejosatellite.com/en/playa-negra/blossom-paradise-retreat/
"Cabinas Cable Talamanca - Playa Negra, Puerto Viejo, Limón, Costa Rica",Playa negra brewing,0.7,vacation_rental,restaurant,Playa Negra,9.653791,-82.7585949,,,2026-03-06,https://www.puertoviejosatellite.com/en/playa-negra/cabinas-cable-talamanca/
"Caripro Apartments - Playa Negra, Puerto Viejo, Limón, Costa Rica",Selina Puerto Viejo,0.7,vacation_rental,hostel,Playa Negra,9.6566557,-82.7433858,,+506 2750 2035,2025-07-26,https://www.puertoviejosatellite.com/en/playa-negra/caripro-apartments/
"Casa Corazon del Mar - Playa Negra, Puerto Viejo, Limón, Costa Rica",Playa negra brewing,0.7,vacation_rental,restaurant,Playa Negra,9.653791,-82.7585949,,+506 8417 3417,2025-07-23,https://www.puertoviejosatellite.com/en/playa-negra/casa-corazon-del-mar/
"Casa Galim Beach House - Playa Negra, Puerto Viejo, Limón, Costa Rica",Playa negra brewing,0.7,vacation_rental,restaurant,Playa Negra,9.653791,-82.7585949,,+506 2750 0224,2024-01-20,https://www.puertoviejosatellite.com/en/playa-negra/casa-galim-beach-house/
"Casa Jeffrey - Playa Negra, Puerto Viejo, Limón, Costa Rica",Playa negra brewing,0.7,vacation_rental,restaurant,Playa Negra,9.653791,-82.7585949,,,2025-12-18,https://www.puertoviejosatellite.com/en/playa-negra/casa-jeffrey/
"Casa Luna Beach House - Playa Negra, Puerto Viejo, Limón, Costa Rica",Playa negra brewing,0.7,vacation_rental,restaurant,Playa Negra,9.653791,-82.7585949,casalunabeachhouse,,2025-06-09,https://www.puertoviejosatellite.com/en/playa-negra/casa-luna-beach-house/
"Casa Ocelote - Playa Negra, Puerto Viejo, Limón, Costa Rica",Playa negra brewing,0.7,vacation_rental,restaurant,Playa Negra,9.653791,-82.7585949,,,2025-08-29,https://www.puertoviejosatellite.com/en/playa-negra/casa-ocelote/
"Casa Selva - Playa Negra, Puerto Viejo, Limón, Costa Rica",Playa negra brewing,0.7,vacation_rental,restaurant,Playa Negra,9.653791,-82.7585949,,+506 7222 9607,2026-06-01,https://www.puertoviejosatellite.com/en/playa-negra/casa-selva/
"Casa Theia - Playa Negra, Puerto Viejo, Limón, Costa Rica",Playa negra brewing,0.7,vacation_rental,restaurant,Playa Negra,9.653791,-82.7585949,,,2025-08-13,https://www.puertoviejosatellite.com/en/playa-negra/casa-theia/
"Casita Kreyol - Playa Negra, Puerto Viejo, Limón, Costa Rica",Selina Puerto Viejo,0.7,vacation_rental,hostel,Playa Negra,9.6566557,-82.7433858,casitakreyol,,2025-08-06,https://www.puertoviejosatellite.com/en/playa-negra/casita-kreyol/
"Las Casitas de Playa Negra - Playa Negra, Puerto Viejo, Limón, Costa Rica",Casitas La Playa,0.7,vacation_rental,hotel,Playa Negra,9.6579689,-82.7458301,,+506 8408 8144,2025-07-21,https://www.puertoviejosatellite.com/en/playa-negra/las-casitas-de-playa-negra/
"Casitas Joanna - Playa Negra, Puerto Viejo, Limón, Costa Rica",Casitas La Playa,0.7,vacation_rental,hotel,Playa Negra,9.6579689,-82.7458301,,+506 8399 4294,2025-07-23,https://www.puertoviejosatellite.com/en/playa-negra/casitas-joanna/
"Chimuri Beach Retreat - Playa Negra, Puerto Viejo, Limón, Costa Rica",Selina Puerto Viejo,0.7,vacation_rental,hostel,Playa Negra,9.6566557,-82.7433858,,+506 2750-0119,2025-06-15,https://www.puertoviejosatellite.com/en/playa-negra/chimuri-beach-retreat/
"Escondido Retreat - Playa Negra, Puerto Viejo, Limón, Costa Rica",Selina Puerto Viejo,0.7,vacation_rental,hostel,Playa Negra,9.6566557,-82.7433858,escondidoretreat,,2025-06-27,https://www.puertoviejosatellite.com/en/playa-negra/escondido-retreat/
"Evia Life Resort - Playa Negra, Puerto Viejo, Limón, Costa Rica",Selina Puerto Viejo,0.7,vacation_rental,hostel,Playa Negra,9.6566557,-82.7433858,eviapuertoviejo,+506 8856 7905,,https://www.puertoviejosatellite.com/en/playa-negra/evia-life-resort/
"El Jardin de Playa Negra - Playa Negra, Puerto Viejo, Limón, Costa Rica",Selina Puerto Viejo,0.7,vacation_rental,hostel,Playa Negra,9.6566557,-82.7433858,,+506 8555 8635,2025-07-24,https://www.puertoviejosatellite.com/en/playa-negra/el-jardin-de-playa-negra/
"The Mimosas Container Homes - Playa Negra, Puerto Viejo, Limón, Costa Rica",Selina Puerto Viejo,0.7,vacation_rental,hostel,Playa Negra,9.6566557,-82.7433858,,,2025-05-02,https://www.puertoviejosatellite.com/en/playa-negra/the-mimosas-container-homes/
"Puerto Viejo Club - Playa Negra, Puerto Viejo, Limón, Costa Rica",Selina Puerto Viejo,0.7,vacation_rental,hostel,Playa Negra,9.6566557,-82.7433858,puertoviejoclubcr,,2025-10-01,https://www.puertoviejosatellite.com/en/playa-negra/puerto-viejo-club/
"Sloth House 2 - Playa Negra, Puerto Viejo, Limón, Costa Rica",Selina Puerto Viejo,0.7,vacation_rental,hostel,Playa Negra,9.6566557,-82.7433858,,+506 8320 6571,2025-01-30,https://www.puertoviejosatellite.com/en/playa-negra/sloth-house-2/
"Villa Aragon - Playa Negra, Puerto Viejo, Limón, Costa Rica",Selina Puerto Viejo,0.7,vacation_rental,hostel,Playa Negra,9.6566557,-82.7433858,,+506 8630 0659,2025-07-14,https://www.puertoviejosatellite.com/en/playa-negra/villa-aragon/
"Villa Wolaba - Playa Negra, Puerto Viejo, Limón, Costa Rica",Selina Puerto Viejo,0.7,vacation_rental,hostel,Playa Negra,9.6566557,-82.7433858,,,2025-12-16,https://www.puertoviejosatellite.com/en/playa-negra/villa-wolaba/
"Villas Ande - Playa Negra, Puerto Viejo, Limón, Costa Rica",Selina Puerto Viejo,0.7,vacation_rental,hostel,Playa Negra,9.6566557,-82.7433858,villasandepuertoviejo,+506 8403 5858,2025-09-15,https://www.puertoviejosatellite.com/en/playa-negra/villas-ande/
"Villas Banana Verde - Playa Negra, Puerto Viejo, Limón, Costa Rica",Selina Puerto Viejo,0.7,vacation_rental,hostel,Playa Negra,9.6566557,-82.7433858,,+506 2750-2035,2025-08-08,https://www.puertoviejosatellite.com/en/playa-negra/villas-banana-verde/
"Villas de la Luz - Playa Negra, Puerto Viejo, Limón, Costa Rica",Selina Puerto Viejo,0.7,vacation_rental,hostel,Playa Negra,9.6566557,-82.7433858,villasdelaluz,,2025-07-31,https://www.puertoviejosatellite.com/en/playa-negra/villas-de-la-luz/
"Villas Luna Africana by Palmer - Playa Negra, Puerto Viejo, Limón, Costa Rica",Selina Puerto Viejo,0.7,vacation_rental,hostel,Playa Negra,9.6566557,-82.7433858,villaslunaafricana,+506 6487 6758,2025-12-30,https://www.puertoviejosatellite.com/en/playa-negra/villas-luna-africana-by-palmer/
"Villas Mapache del Caribe - Playa Negra, Puerto Viejo, Limón, Costa Rica",Frutas del Caribe,0.7,vacation_rental,shopping,Playa Negra,9.6575838,-82.7979967,,+506 8580 2948,2025-08-05,https://www.puertoviejosatellite.com/en/playa-negra/villas-mapache-del-caribe/
"Villas Piña - Playa Negra, Puerto Viejo, Limón, Costa Rica",Selina Puerto Viejo,0.7,vacation_rental,hostel,Playa Negra,9.6566557,-82.7433858,,+506 2750 3176,2026-03-04,https://www.puertoviejosatellite.com/en/playa-negra/villas-pina/
"Villas Ríos del Caribe - Playa Negra, Puerto Viejo, Limón, Costa Rica",Frutas del Caribe,0.7,vacation_rental,shopping,Playa Negra,9.6575838,-82.7979967,riosdelcaribe,+506 8944 3302,2025-11-17,https://www.puertoviejosatellite.com/en/playa-negra/villas-rios-del-caribe/
"Villas Roca del Caribe - Playa Negra, Puerto Viejo, Limón, Costa Rica",Frutas del Caribe,0.7,vacation_rental,shopping,Playa Negra,9.6575838,-82.7979967,,+506 6185 9101,2025-12-16,https://www.puertoviejosatellite.com/en/playa-negra/villas-roca-del-caribe/
"Villas Serenidad - Playa Negra, Puerto Viejo, Limón, Costa Rica",Selina Puerto Viejo,0.7,vacation_rental,hostel,Playa Negra,9.6566557,-82.7433858,villasserenidad,,2025-08-01,https://www.puertoviejosatellite.com/en/playa-negra/villas-serenidad/
"Yoshi's on the Beach - Playa Negra, Puerto Viejo, Limón, Costa Rica",Selina Puerto Viejo,0.7,vacation_rental,hostel,Playa Negra,9.6566557,-82.7433858,,+506 8564 1550,2025-07-25,https://www.puertoviejosatellite.com/en/playa-negra/yoshis-on-the-beach/
"Geckoes Lodge - Playa Cocles, Puerto Viejo, Limón, Costa Rica",Selina Puerto Viejo,0.7,vacation_rental,hostel,Cocles,9.6566557,-82.7433858,geckoeslodge,+506 2750 0908,2026-06-17,https://www.puertoviejosatellite.com/en/cocles/geckoes-lodge/
"Alloro Jungle Villas - Playa Cocles, Puerto Viejo, Limón, Costa Rica",Backpackers Puerto Viejo,0.7,vacation_rental,hostel,Cocles,9.657612,-82.7519744,allorojunglevillas,+506 7049 9556,2025-12-12,https://www.puertoviejosatellite.com/en/cocles/alloro-jungle-villas/
"AroCocles - Playa Cocles, Puerto Viejo, Limón, Costa Rica",Selina Puerto Viejo,0.7,vacation_rental,hostel,Cocles,9.6566557,-82.7433858,,+506 8855 4371,2025-08-19,https://www.puertoviejosatellite.com/en/cocles/arococles/
"Azania Oasis - Playa Cocles, Puerto Viejo, Limón, Costa Rica",Oasis,0.7,vacation_rental,vacation_rental,Cocles,9.658849,-82.7486778,,+506 8381 6837,2025-07-20,https://www.puertoviejosatellite.com/en/cocles/azania-oasis/
"Casa Ackee - Playa Cocles, Puerto Viejo, Limón, Costa Rica",Backpackers Puerto Viejo,0.7,vacation_rental,hostel,Cocles,9.657612,-82.7519744,casaackee,+506 8304 1474,2025-08-14,https://www.puertoviejosatellite.com/en/cocles/casa-ackee/
"Casa Eden Jungle Apartments - Playa Cocles, Puerto Viejo, Limón, Costa Rica",Backpackers Puerto Viejo,0.7,vacation_rental,hostel,Cocles,9.657612,-82.7519744,,,2025-08-18,https://www.puertoviejosatellite.com/en/cocles/casa-eden-jungle-apartments/
"Casa Margarita - Playa Cocles, Puerto Viejo, Limón, Costa Rica",Backpackers Puerto Viejo,0.7,vacation_rental,hostel,Cocles,9.657612,-82.7519744,,,2025-08-13,https://www.puertoviejosatellite.com/en/cocles/casa-margarita/
"Casa Mariposa - Playa Cocles, Puerto Viejo, Limón, Costa Rica",Backpackers Puerto Viejo,0.7,vacation_rental,hostel,Cocles,9.657612,-82.7519744,,,2025-03-01,https://www.puertoviejosatellite.com/en/cocles/casa-mariposa/
"Casa Modí - Playa Cocles, Puerto Viejo, Limón, Costa Rica",Backpackers Puerto Viejo,0.7,vacation_rental,hostel,Cocles,9.657612,-82.7519744,,,2025-08-12,https://www.puertoviejosatellite.com/en/cocles/casa-modi/
"La Casita de Cocles - Playa Cocles, Puerto Viejo, Limón, Costa Rica",Selina Puerto Viejo,0.7,vacation_rental,hostel,Cocles,9.6566557,-82.7433858,,,2025-08-10,https://www.puertoviejosatellite.com/en/cocles/la-casita-de-cocles/
"Los Continentes - Playa Cocles, Puerto Viejo, Limón, Costa Rica",Selina Puerto Viejo,0.7,vacation_rental,hostel,Cocles,9.6566557,-82.7433858,,+506 2759 9263,2025-08-24,https://www.puertoviejosatellite.com/en/cocles/los-continentes/
"Dano's Cabano - Playa Cocles, Puerto Viejo, Limón, Costa Rica",Selina Puerto Viejo,0.7,vacation_rental,hostel,Cocles,9.6566557,-82.7433858,,+506 8552-7889,2025-08-24,https://www.puertoviejosatellite.com/en/cocles/danos-cabano/
"David Valley Houses - Playa Cocles, Puerto Viejo, Limón, Costa Rica",Selina Puerto Viejo,0.7,vacation_rental,hostel,Cocles,9.6566557,-82.7433858,,,2025-07-01,https://www.puertoviejosatellite.com/en/cocles/david-valley-houses/
"La Finca Chica - Playa Cocles, Puerto Viejo, Limón, Costa Rica",Selina Puerto Viejo,0.7,vacation_rental,hostel,Cocles,9.6566557,-82.7433858,fincachica,+506 2750-1919,2025-12-31,https://www.puertoviejosatellite.com/en/cocles/la-finca-chica/
"Finca Valeria Treehouses - Playa Cocles, Puerto Viejo, Limón, Costa Rica",Selina Puerto Viejo,0.7,vacation_rental,hostel,Cocles,9.6566557,-82.7433858,,+506 4105 1880,2025-07-31,https://www.puertoviejosatellite.com/en/cocles/finca-valeria-treehouses/
"Flor del Caribe - Playa Cocles, Puerto Viejo, Limón, Costa Rica",Frutas del Caribe,0.7,vacation_rental,shopping,Cocles,9.6575838,-82.7979967,,+506 6260 7426,2025-05-01,https://www.puertoviejosatellite.com/en/cocles/flor-del-caribe/
"Habitat Vacation Rentals - Playa Cocles, Puerto Viejo, Limón, Costa Rica",Selina Puerto Viejo,0.7,vacation_rental,hostel,Cocles,9.6566557,-82.7433858,habitatpuertoviejo,+506 8839 2644,2025-09-01,https://www.puertoviejosatellite.com/en/cocles/habitat-vacation-rentals/
"Ocean's Breeze Apartment and Rooms - Playa Cocles, Puerto Viejo, Limón, Costa Rica",Selina Puerto Viejo,0.7,vacation_rental,hostel,Cocles,9.6566557,-82.7433858,,+506 8320 0078,2025-12-16,https://www.puertoviejosatellite.com/en/cocles/oceans-breeze-apartment-and-rooms/
"Las Palomas - Playa Cocles, Puerto Viejo, Limón, Costa Rica",Selina Puerto Viejo,0.7,vacation_rental,hostel,Cocles,9.6566557,-82.7433858,,+506 2750 0262,2025-08-19,https://www.puertoviejosatellite.com/en/cocles/las-palomas/
"La Perla del Caribe - Playa Cocles, Puerto Viejo, Limón, Costa Rica",Frutas del Caribe,0.7,vacation_rental,shopping,Cocles,9.6575838,-82.7979967,,,2025-08-28,https://www.puertoviejosatellite.com/en/cocles/la-perla-del-caribe/
"Terrazas del Caribe - Playa Cocles, Puerto Viejo, Limón, Costa Rica",Hotel Terrazas del Caribe,0.7,vacation_rental,hotel,Cocles,9.6487716,-82.7409611,terrazasdelcaribehotel,+506 2750 3084,2026-03-04,https://www.puertoviejosatellite.com/en/cocles/terrazas-del-caribe/
"Treevana - Playa Cocles, Puerto Viejo, Limón, Costa Rica",Selina Puerto Viejo,0.7,vacation_rental,hostel,Cocles,9.6566557,-82.7433858,treevana_cr,,2025-08-26,https://www.puertoviejosatellite.com/en/cocles/treevana/
"El Tucán Feliz - Playa Cocles, Puerto Viejo, Limón, Costa Rica",Selina Puerto Viejo,0.7,vacation_rental,hostel,Cocles,9.6566557,-82.7433858,eltucanfeliz,+506 6312 1025,2025-12-30,https://www.puertoviejosatellite.com/en/cocles/el-tucan-feliz/
"Villa Aurora - Playa Cocles, Puerto Viejo, Limón, Costa Rica",Selina Puerto Viejo,0.7,vacation_rental,hostel,Cocles,9.6566557,-82.7433858,,+506 8823 9450,2025-08-01,https://www.puertoviejosatellite.com/en/cocles/villa-aurora/
"Villa Elita - Playa Cocles, Puerto Viejo, Limón, Costa Rica",Selina Puerto Viejo,0.7,vacation_rental,hostel,Cocles,9.6566557,-82.7433858,,+506 8705 4250,2025-08-11,https://www.puertoviejosatellite.com/en/cocles/villa-elita/
"Villa Laurel - Playa Cocles, Puerto Viejo, Limón, Costa Rica",Selina Puerto Viejo,0.7,vacation_rental,hostel,Cocles,9.6566557,-82.7433858,,+506 8480 3667,2025-07-27,https://www.puertoviejosatellite.com/en/cocles/villa-laurel/
"Villa Rameen - Playa Cocles, Puerto Viejo, Limón, Costa Rica",Selina Puerto Viejo,0.7,vacation_rental,hostel,Cocles,9.6566557,-82.7433858,,,2025-08-27,https://www.puertoviejosatellite.com/en/cocles/villa-rameen/
"Villas Lomas del Caribe - Playa Cocles, Puerto Viejo, Limón, Costa Rica",Frutas del Caribe,0.7,vacation_rental,shopping,Cocles,9.6575838,-82.7979967,lomasdelcaribevillas,+506 2750 3084,2025-07-27,https://www.puertoviejosatellite.com/en/cocles/villas-lomas-del-caribe/
"Aloki Village - Playa Chiquita, Puerto Viejo, Limón, Costa Rica",Selina Puerto Viejo,0.7,vacation_rental,hostel,Playa Chiquita,9.6566557,-82.7433858,,+506 6058 5371,2025-09-10,https://www.puertoviejosatellite.com/en/playa-chiquita/aloki-village/
"Angler's Lair - Playa Chiquita, Puerto Viejo, Limón, Costa Rica",Selina Puerto Viejo,0.7,vacation_rental,hostel,Playa Chiquita,9.6566557,-82.7433858,wahoovacations,+506 8956 8669,2026-01-09,https://www.puertoviejosatellite.com/en/playa-chiquita/anglers-lair/
"Caribbean Courtyard Villa - Playa Chiquita, Puerto Viejo, Limón, Costa Rica",Selina Puerto Viejo,0.7,vacation_rental,hostel,Playa Chiquita,9.6566557,-82.7433858,,+506 8880 4954,2025-06-01,https://www.puertoviejosatellite.com/en/playa-chiquita/caribbean-courtyard-villa/
"Casa Ambar - Playa Chiquita, Puerto Viejo, Limón, Costa Rica",Backpackers Puerto Viejo,0.7,vacation_rental,hostel,Playa Chiquita,9.657612,-82.7519744,,,2025-09-01,https://www.puertoviejosatellite.com/en/playa-chiquita/casa-ambar/
"Casa Jungle Love - Playa Chiquita, Puerto Viejo, Limón, Costa Rica",Backpackers Puerto Viejo,0.7,vacation_rental,hostel,Playa Chiquita,9.657612,-82.7519744,,+506 6242 2403,2025-09-14,https://www.puertoviejosatellite.com/en/playa-chiquita/casa-jungle-love/
"Casa Moabi - Playa Chiquita, Puerto Viejo, Limón, Costa Rica",Backpackers Puerto Viejo,0.7,vacation_rental,hostel,Playa Chiquita,9.657612,-82.7519744,casa_moabi,+506 8539 7578,2025-08-26,https://www.puertoviejosatellite.com/en/playa-chiquita/casa-moabi/
"Casa Osos Caribeños - Playa Chiquita, Puerto Viejo, Limón, Costa Rica",Backpackers Puerto Viejo,0.7,vacation_rental,hostel,Playa Chiquita,9.657612,-82.7519744,,+506 6008 9241,2025-03-15,https://www.puertoviejosatellite.com/en/playa-chiquita/casa-osos-caribenos/
"Casas del Caribe - Playa Chiquita, Puerto Viejo, Limón, Costa Rica",Frutas del Caribe,0.7,vacation_rental,shopping,Playa Chiquita,9.6575838,-82.7979967,casasdelcaribe,+506 2750-0437,2025-09-08,https://www.puertoviejosatellite.com/en/playa-chiquita/casas-del-caribe/
"Casas La Selvatica - Playa Chiquita, Puerto Viejo, Limón, Costa Rica",Selina Puerto Viejo,0.7,vacation_rental,hostel,Playa Chiquita,9.6566557,-82.7433858,laselvaticacostarica,+506 8719 1211,2025-08-18,https://www.puertoviejosatellite.com/en/playa-chiquita/casas-la-selvatica/
"Chiquita Escondida - Playa Chiquita, Puerto Viejo, Limón, Costa Rica",Selina Puerto Viejo,0.7,vacation_rental,hostel,Playa Chiquita,9.6566557,-82.7433858,,+506 8956 8669,2025-09-01,https://www.puertoviejosatellite.com/en/playa-chiquita/chiquita-escondida/
"Luna Caribeña Village - Playa Chiquita, Puerto Viejo, Limón, Costa Rica",Selina Puerto Viejo,0.7,vacation_rental,hostel,Playa Chiquita,9.6566557,-82.7433858,,+506 2750 0889,2025-08-29,https://www.puertoviejosatellite.com/en/playa-chiquita/luna-caribena-village/
"Pura Bali Villas - Playa Chiquita, Puerto Viejo, Limón, Costa Rica",Selina Puerto Viejo,0.7,vacation_rental,hostel,Playa Chiquita,9.6566557,-82.7433858,purabalivillas,,2025-07-15,https://www.puertoviejosatellite.com/en/playa-chiquita/pura-bali-villas/
"Tres Lodge - Playa Chiquita, Puerto Viejo, Limón, Costa Rica",Selina Puerto Viejo,0.7,vacation_rental,hostel,Playa Chiquita,9.6566557,-82.7433858,,+506 6008 9241,2026-02-19,https://www.puertoviejosatellite.com/en/playa-chiquita/tres-lodge/
"Up! House - Playa Chiquita, Puerto Viejo, Limón, Costa Rica",Selina Puerto Viejo,0.7,vacation_rental,hostel,Playa Chiquita,9.6566557,-82.7433858,uphousecostarica,+506 8693 0134,2025-08-15,https://www.puertoviejosatellite.com/en/playa-chiquita/up-house/
"Uva Blue Jungle Villas - Playa Chiquita, Puerto Viejo, Limón, Costa Rica",Selina Puerto Viejo,0.7,vacation_rental,hostel,Playa Chiquita,9.6566557,-82.7433858,uvabluevillas,+506 2759 9340,2025-08-12,https://www.puertoviejosatellite.com/en/playa-chiquita/uva-blue-jungle-villas/
"Villa Cabú - Playa Chiquita, Puerto Viejo, Limón, Costa Rica",Selina Puerto Viejo,0.7,vacation_rental,hostel,Playa Chiquita,9.6566557,-82.7433858,,,2025-11-28,https://www.puertoviejosatellite.com/en/playa-chiquita/villa-cabu/
"Villa Casa Azul y Arena Blanca Apartamentos - Playa Chiquita, Puerto Viejo, Limón, Costa Rica",Backpackers Puerto Viejo,0.7,vacation_rental,hostel,Playa Chiquita,9.657612,-82.7519744,,+506 8655 1292,2025-12-10,https://www.puertoviejosatellite.com/en/playa-chiquita/villa-casa-azul-y-arena-blanca-apartamentos/
"Villa del Mar - Playa Chiquita, Puerto Viejo, Limón, Costa Rica",Selina Puerto Viejo,0.7,vacation_rental,hostel,Playa Chiquita,9.6566557,-82.7433858,,,2025-08-05,https://www.puertoviejosatellite.com/en/playa-chiquita/villa-del-mar/
"Big Tree Wildlife Refuge - Playa Punta Uva, Puerto Viejo, Limón, Costa Rica",Selina Puerto Viejo,0.7,vacation_rental,hostel,Punta Uva,9.6566557,-82.7433858,bigtree.costarica,+506 8879-9191,2026-05-08,https://www.puertoviejosatellite.com/en/punta-uva/big-tree-wildlife-refuge/
"Bungalows Punta Uva - Playa Punta Uva, Puerto Viejo, Limón, Costa Rica",Selina Puerto Viejo,0.7,vacation_rental,hostel,Punta Uva,9.6566557,-82.7433858,bungalows_puntauva,+506 4000 0831,2025-09-19,https://www.puertoviejosatellite.com/en/punta-uva/bungalows-punta-uva/
"Casa Cielo - Playa Punta Uva, Puerto Viejo, Limón, Costa Rica",Backpackers Puerto Viejo,0.7,vacation_rental,hostel,Punta Uva,9.657612,-82.7519744,,,2025-09-04,https://www.puertoviejosatellite.com/en/punta-uva/casa-cielo/
"Casa de la Musa - Playa Punta Uva, Puerto Viejo, Limón, Costa Rica",Backpackers Puerto Viejo,0.7,vacation_rental,hostel,Punta Uva,9.657612,-82.7519744,,,2024-09-15,https://www.puertoviejosatellite.com/en/punta-uva/casa-de-la-musa/
"Casa De La Trepada - Playa Punta Uva, Puerto Viejo, Limón, Costa Rica",Backpackers Puerto Viejo,0.7,vacation_rental,hostel,Punta Uva,9.657612,-82.7519744,,,2025-08-01,https://www.puertoviejosatellite.com/en/punta-uva/casa-de-la-trepada/
"Casa Matix - Playa Punta Uva, Puerto Viejo, Limón, Costa Rica",Backpackers Puerto Viejo,0.7,vacation_rental,hostel,Punta Uva,9.657612,-82.7519744,,,2025-09-11,https://www.puertoviejosatellite.com/en/punta-uva/casa-matix/
"Casa Viva - Playa Punta Uva, Puerto Viejo, Limón, Costa Rica",Backpackers Puerto Viejo,0.7,vacation_rental,hostel,Punta Uva,9.657612,-82.7519744,casavivalodge,+506 2750 0089,2025-12-04,https://www.puertoviejosatellite.com/en/punta-uva/casa-viva/
"Dragonfly Beach Retreat - Playa Punta Uva, Puerto Viejo, Limón, Costa Rica",Selina Puerto Viejo,0.7,vacation_rental,hostel,Punta Uva,9.6566557,-82.7433858,dragonflybeachretreats,+506 6128 7817,2025-09-16,https://www.puertoviejosatellite.com/en/punta-uva/dragonfly-beach-retreat/
"Ginger and Cacao - Playa Punta Uva, Puerto Viejo, Limón, Costa Rica",Selina Puerto Viejo,0.7,vacation_rental,hostel,Punta Uva,9.6566557,-82.7433858,,,2025-09-01,https://www.puertoviejosatellite.com/en/punta-uva/ginger-and-cacao/
"Olguita's Place - Playa Punta Uva, Puerto Viejo, Limón, Costa Rica",Selina Puerto Viejo,0.7,vacation_rental,hostel,Punta Uva,9.6566557,-82.7433858,olguitasplace,+506 8301 4989,2025-08-25,https://www.puertoviejosatellite.com/en/punta-uva/olguitas-place/
"Our Beachfront Bungalow - Playa Punta Uva, Puerto Viejo, Limón, Costa Rica",Selina Puerto Viejo,0.7,vacation_rental,hostel,Punta Uva,9.6566557,-82.7433858,,+506 8591 6292,2025-09-08,https://www.puertoviejosatellite.com/en/punta-uva/our-beachfront-bungalow/
"Los Proyectos Moderno - Playa Punta Uva, Puerto Viejo, Limón, Costa Rica",Selina Puerto Viejo,0.7,vacation_rental,hostel,Punta Uva,9.6566557,-82.7433858,losproyectos,,2025-04-01,https://www.puertoviejosatellite.com/en/punta-uva/los-proyectos-moderno/
"Villa Soleil et Paquerette - Playa Punta Uva, Puerto Viejo, Limón, Costa Rica",Selina Puerto Viejo,0.7,vacation_rental,hostel,Punta Uva,9.6566557,-82.7433858,soleil_paquerette,+506 6348 7049,2025-08-29,https://www.puertoviejosatellite.com/en/punta-uva/villa-soleil-et-paquerette/
"Villas Itaita - Playa Punta Uva, Puerto Viejo, Limón, Costa Rica",Selina Puerto Viejo,0.7,vacation_rental,hostel,Punta Uva,9.6566557,-82.7433858,,+506 6455 2363,2025-01-23,https://www.puertoviejosatellite.com/en/punta-uva/villas-itaita/
"Wabi Sabi - Playa Punta Uva, Puerto Viejo, Limón, Costa Rica",Selina Puerto Viejo,0.7,vacation_rental,hostel,Punta Uva,9.6566557,-82.7433858,,+506 6332 2140,2025-09-12,https://www.puertoviejosatellite.com/en/punta-uva/wabi-sabi/
