business_name,category,area,latitude,longitude,phone,normalized_phone,instagram_handle,facebook_url,website,google_maps_cid
Abba Home,,,9.661169,-82.7844491,83601553,,abbahome_puertoviejo,,https://www.abbahomepuertoviejo.com/,4461576710289322066
ALMA Masajes,,,9.6515636,-82.754872,61591721,,alma.masajes.spa,,https://www.instagram.com/almamassage_costarica/profilecard/?igsh=MTl2eWFneno5bnM1Ng==,1952261552637324801
Alojamiento kon-tiky,,,9.6486768,-82.7617116,83585999,,,,,2436293331676785956
Api-Rescate,,,9.63182,-82.7330943,,,,,,12888475778927218100
Ariel Apartment's,,,9.64799,-82.7410782,88002233,,,,https://www.facebook.com/share/a4N6Bhv8g9ScsUZV/?mibextid=WC7FNe,13949908967524151461
Arrecife El Chino,,,9.6582325,-82.7560996,,,,,,17999916450116929174
Beach Trail,,,9.6490852,-82.7346274,,,,,,1672049247961347392
Beauty Ritual Spa,,,9.6376573,-82.7266873,83148943,,beautyritualspa,,https://beauty-ritual1.webnode.cr/,5126079905553228488
BERACA,,,9.6564099,-82.7538572,27500258,,beraca,,,2501817113382200716
Blessed Hands Massage Therapy,,,9.6490337,-82.7381856,83226610,,,,,11342442517607475672
Buddy's Sloth Crossing,,,9.6629375,-82.7894375,,,crossing,,,7100005996183210934
Bugambilia Inn,,,9.6490458,-82.7513695,84276818,,,,,17729819013080646669
Cabañas KiaMiMi,,,9.6603717,-82.7840054,86092424,,,,,1705549831231309538
Cabina trepazul,,,9.6473033,-82.7494328,64110306,,trepazul,,,11625884884438770753
Cabinas Bambu,,,9.6518542,-82.7625121,88322639,,,,https://www.facebook.com/cabinasbambu?mibextid=ZbWKwL,17407111603426783648
Cabinas KiAMiMi,,,9.6603717,-82.7840054,86092424,,cabinaskiamimi,,,1705549831231309538
Cabinas KiMiMi,,,9.6603717,-82.7840054,86092424,,,,,1705549831231309538
Cabinas KlaMiMi,,,9.6603717,-82.7840054,86092424,,,,,1705549831231309538
Cabinas Yemanya,,,9.6421556,-82.7189254,27500110,,,,http://cabinasyemanya.com/,12696769290945837673
Café Jaguar & Art Gallery,,,9.6393866,-82.7137976,,,,,,1099770184487127337
Caribbean Blue Morpho Casitas,,,9.6534314,-82.7783071,89836677,,,,https://www.caribbeanbluemorpho.com/,15075381955885778012
Caribbean Hill Villas,,,9.636673,-82.7234956,60506088,,,https://www.facebook.com/profile.php,https://caribbeanhillvillas.com/,10446838691217537192
CaribeZen,,,9.6489332,-82.7700925,88390992,,caribezen,,https://caribezen.com/,16346096411354140739
Casa Alegra,,,9.6486486,-82.7630898,,,,,,704176135278923927
Casa Alegre,,,9.6486486,-82.7630898,,,,,,704176135278923927
Casa Amor,,,9.6512099,-82.7597737,84516101,,,,,2049439108129397134
Casa Antorcha,,,9.6307068,-82.721682,83396582,,,,,3140302717225770813
Casa Canopy,,,9.6313,-82.712349,,,,,,9228433576839534036
Casa Lily,,,9.6394816,-82.7084826,,,,,,316298798085648093
Casa Miluca,,,9.6549173,-82.7722464,89536016,,,,,17469621114106254322
Casa Miluco,,,9.6519228,-82.7490513,,,,,,1887854985612918255
Casa Olingo,,,9.6485145,-82.737029,87011895,,,,,15130039431868872191
Casa Pallaita,,,9.6494503,-82.7518005,,,,,https://br.bluepillow.com/search/627d265ddf4f49af9b34a708?dest=bkng&cat=House&lat=9.64945&lng=-82.7518&language=pt,12261963239237230570
Casa Pallalita,,,9.6494503,-82.7518005,,,,,https://br.bluepillow.com/search/627d265ddf4f49af9b34a708?dest=bkng&cat=House&lat=9.64945&lng=-82.7518&language=pt,12261963239237230570
Casa Palliata,,,9.6479989,-82.7520805,,,,,https://www.facebook.com/Casa-Palliata-101018011304702/,3067085546718993771
Casa Pallita,,,9.6494503,-82.7518005,,,,,https://br.bluepillow.com/search/627d265ddf4f49af9b34a708?dest=bkng&cat=House&lat=9.64945&lng=-82.7518&language=pt,12261963239237230570
Casa Shanti,,,9.6341174,-82.7176406,,,,,,1532267197232448530
casa tia zeidy,,,9.6454227,-82.736209,87713361,,,,,1467139456314837512
Casa vacacional happy day beach house,,,9.6576684,-82.7446919,89518604,,,,,11284617851322192684
Casa Vosi,,,9.6433157,-82.7355551,,,,,,14746104939384196054
Casas Sloth & Butterfly,,,9.6547925,-82.7501871,,,,,,6852082090485791353
Casita Tucan,,,9.631913,-82.7166009,,,,,,8515345812121137688
Casitas Batsú,,,9.6361824,-82.7141838,+34644446723,,,,https://www.instagram.com/casitasbatsu_costarica/,1201615432871305998
Casitas del Bosque,,,,,,,,,,
Cirrus Sky Paragliding CR,,,9.6483809,-82.7338131,71091388,,,,https://cirrusskyparaglidi.wixsite.com/cirrus-paragliding-c,906367207779863842
Cubali Beach,,,9.6421444,-82.7165005,,,,,,11408791647006779441
Doctah Herbalist,,,9.6330449,-82.7182417,70618099,,,,,7437765293747491582
Explora Caribe CR,,,9.6545763,-82.7865127,62043386,,,,,3648769552104707896
Finca Darai,,,9.6320105,-82.7381005,,,,,,8690304503274970919
FISIOTERAPIA Agustin cuya,,,9.6354416,-82.7293933,63763084,,,,https://acuyafisio.com/,18425416724501171270
Fruit Houses,,,9.6302683,-82.7339791,87335734,,houses,,,5112397613028029900
Global Stones finca conservación,,,9.6372916,-82.7415327,,,,,,7062771685360018807
Hawaiian Massage,,,9.6516248,-82.7396558,88002367,,,,https://lomimassage.one/,16307257612295998249
Hidden Viewpoint,,,9.6423125,-82.7475625,87855007,,,,,2607119743059473489
Hospedaje Dos Sueños,,,,,,,,,,
Izzy Rides CR,,,9.6375578,-82.7185952,88992942,,,,https://www.instagram.com/izzyridescr/,9895085162643105852
Jungalow,,,9.6600126,-82.7816274,,,,,,3799140751205186004
Jungla del Caribeño,,,9.6522063,-82.7541479,60264782,,jungla,,,8356543483034618055
Kä Luxury Caribbean,,,9.6410909,-82.7348344,,,,,,7538221567368513085
Ka Namu,,,9.6531231,-82.7543983,89781035,,,https://www.facebook.com/profile.php,http://www.namuhotelpuertoviejo.com/,18141110668997261824
Katuk,,,9.6512745,-82.7426186,,,,,https://www.instagram.com/katuk.puertoviejo?igsh=Ynd3YnEzYmZ6Mmt3,5933448960817825235
LA CHASCONA,,,9.6460963,-82.7424391,60567859,,,,,7444463108124902177
La Isla Permaculture Farm,,,9.6495033,-82.7641365,+506 8886 8530,,,,,7972003479335139796
La loma de burrito,,,9.6290705,-82.722262,,,la_loma,,,11481951678172081848
La Paloma Studio en Coclès con cocina a,,,9.6433356,-82.7384602,63692978,,,,,3738318817422763383
La Selva PV Events,,,9.6514016,-82.7523366,,,,,https://www.instagram.com/laselva_pv/?hl=es,8923069820182897353
Lapaluna,,,,,,,lapalunacostarica,,,
Mishka Lodge,,,9.654644,-82.784708,89466270,,,,http://www.mishkhalodge.com/,13735728552511903272
Morpho Casitas,,,9.6534314,-82.7783071,89836677,,,,https://www.caribbeanbluemorpho.com/,15075381955885778012
Nana's Place Beach House,,,9.6295989,-82.7310521,87820610,,,,,14542003755869509189
NAO,,,9.6538697,-82.7447763,86684190,,nao_cr,,,17897302561811397380
Paloma Studio,,,9.6433356,-82.7384602,63692978,,palomastudiocr,,,3738318817422763383
Paragliding CR,,,9.6483809,-82.7338131,71091388,,,,https://cirrusskyparaglidi.wixsite.com/cirrus-paragliding-c,906367207779863842
Paraiso Bohemio,,,9.6655692,-82.7824679,,,,,,2630412520630926072
Pipa's Beach,,,9.6583645,-82.7722893,,,,,,11489327612040758816
Playa Estiven,,,9.6426057,-82.7150137,,,,,,7002874623913647725
Pure Life Sanctuary,,,9.6337043,-82.7337504,,,,,https://purelifesanctuary.com/,8563195775533048594
Quinta Guarumo,,,9.6473051,-82.7424407,,,quinta,,,1452058410293289943
Repazul,,,9.6580734,-82.7733018,27502035,,,https://facebook.com/BananaAzul,http://azulbeachclub.com/,2898935241958549311
RETIRO VERDE,,,9.6371979,-82.7387421,88247367,,,,https://thehoteldetail.eu/residencias-10-85-costa-rica,18016775300084560342
Rico Tico Tours,,,9.6619045,-82.7885904,71115089,,,,http://www.ricoticotours.com/,1177355124524067687
Rio Home,,,9.6438612,-82.7321521,85824000,,,,https://www.casariocr.com/,4666775397025577928
Rustika Lodge,,,9.6552385,-82.7691739,21027351,,,,,17548818634857466246
Shenanigans–Eat Drink Dink Drive,,,9.6393957,-82.71685,89568669,,,https://www.facebook.com/WahooVacations,https://wahoovacations.com/shenanigans/,15407971963095007347
Shenanigans–Fat Drink Dink Drive,,,9.6529399,-82.7736678,,,,,,6047083801083296069
Siren Sanctuary,,,9.6368821,-82.7136277,,,siren_sanctuary,,https://www.instagram.com/sirensanctuarycostarica/,4788751592765742715
Sloth Crossing,,,9.6629375,-82.7894375,,,,,,7100005996183210934
Sloth Massage,,,9.6564261,-82.7434598,61236473,,,,,7521506711555171699
Soda Shekina,,,9.6548801,-82.7539308,27500549,,,,https://www.facebook.com/Shekinapuertoviejo/,11963087103971381770
Soda Títeres,,,9.6394455,-82.7132345,64393820,,,,https://www.instagram.com/sodalostiteres?igsh=MXJ0M3hiZDcxcmtvOA==,15397983693551523879
Spiral,,,9.663423,-82.7795402,,,,,,15223674072358364809
Talamanca Organica Cacao & Fine Chocolate,,,9.6355926,-82.7186266,85632790,,,,,2447883937820760770
Talamanca Viewpoint,,,9.6565112,-82.7411367,,,,,,6904706285400062631
Tattoo Studio 33,,,9.6552364,-82.7417082,,,,,,7714062364033594701
The Amazing Treehouse and Nature,,,9.6521592,-82.7473802,86282663,,,https://www.facebook.com/natureobservatorio,http://www.natureobservatorio.com/,11842476449595104705
The Amazing Treehouse and Nature,,,,,,,,,,
The Bush,,,9.6330449,-82.7182417,70618099,,,,,7437765293747491582
The Bush Doctah Herbalist,,,9.6330449,-82.7182417,70618099,,,,,7437765293747491582
The Reillder Castillo Project,,,9.6583737,-82.7547956,61911289,,,https://www.facebook.com/profile.php,https://www.thereilldercastilloproject.com/,10205893883698739713
TreeTop Mansion,,,9.6447043,-82.7404511,+17863276706,,,,https://air.tl/7kYDv5MY,11461817048321802805
TRIBU functional training,,,9.6559184,-82.7467873,89106979,,,,,4586270756459627380
Jungalow Tropical Caribeño,,,9.631909,-82.733771,,,,,,16949465081622523964
"Tropical Getaway ""Casa de Amor",,,9.6337969,-82.7183725,,,,,,17236719394809389330
"Tropical Getaway ""Dream House""",,,9.6450827,-82.7401256,,,,,,17546489389337086267
Tubolwak Lodge y Garden,,,9.6328434,-82.7166267,,,tubolwak,,,3600435867559147140
Villa Cerise,,,9.6400625,-82.7155625,27503096,,,,,12266159891992406171
Villa Kandulu,,,9.6547145,-82.7451559,64259581,,kandulu,,https://www.instagram.com/villaskandulucr/,13333726585970395954
Villa Khalú,,,9.6579672,-82.7785969,,,,,,6245678151143547198
Villa Miagoa,,,9.6393753,-82.7095963,60089241,,,https://www.facebook.com/profile.php,https://miagoa.com/,8175642157850375308
Villa Selva Luna,,,9.6356919,-82.7153429,+4915116128430,,,,,2386454846369082110
Villa Tropical,,,9.6518604,-82.7486714,,,,,,12295173525332496963
Villas caranda,,,9.6573326,-82.7880516,,,,,,3182923119551018499
Villas Kandulu,,,9.6547145,-82.7451559,64259581,,,,https://www.instagram.com/villaskandulucr/,13333726585970395954
Villas Moonlight,,,9.6494818,-82.7535372,22016245,,,,,9839322459254555272
Vindas,,,9.6425611,-82.7173137,,,vindascr,,,1110138628950468520
Hotel and Hostel Agapi,hostel,Puerto Viejo,9.656891,-82.743439,+506 8872-7230,+50688727230,agapi.pv,,,7492180577056289429
Kalunay Hostel,hostel,Puerto Viejo,9.655647,-82.750317,+506 2750 3168,+50627503168,kalunayhostel,https://www.facebook.com/KalunayHostel/,,13549549945867962662
Soul Rebel Hostel,hostel,Puerto Viejo,9.657554,-82.751945,+506 8891 8069,+50688918069,soulrebelhostel,,,1470909826947842376
Black Bamboo,hotel,Puerto Viejo,9.655909,-82.748043,+506 8306 5489,+50683065489,blackbamboo_bedandbreakfast,https://www.facebook.com/Black-Bamboo-892726704246164/,,9649993079907777710
Cabinas Mitchaelles,hotel,Puerto Viejo,9.65625,-82.751822,+506 8913 5713,+50689135713,cabinas_mitchaelles_cr,https://www.facebook.com/profile.php?id=100057273497525,,13327167442180512504
Cabinas Popular,hotel,Puerto Viejo,9.65643,-82.751674,+506 2750 0087,+50627500087,,,http://www.cabinaspopular.com/,975506958424374718
Cabinas Talamanca,hotel,Puerto Viejo,9.658405,-82.749143,+506 2750 0425,+50627500425,cabinastalamanca,,http://www.cabinastalamanca.com/,1496101248030016772
Casa Ana Kimba,hotel,Puerto Viejo,9.657087,-82.749872,+506 8888 1968,+50688881968,cak,,,13823455026627310391
Casa Bohö,hotel,Puerto Viejo,9.657995,-82.748907,+506 8715 1771,+50687151771,,,,8284218495825622354
Casa Dolce Vita,hotel,Puerto Viejo,9.658089,-82.751514,+506 2750-0207,+50627500207,casadolcevita,https://www.facebook.com/cabinascasadolcevita,http://hoteldetail.eu/cabinas-casa-dolce-vita,1282335974102907594
Exotic Lodge,hotel,Puerto Viejo,9.658765,-82.749794,+506 6296 7557,+50662967557,exoticlodge,,,8353070716309943884
Family Hotel,hotel,Puerto Viejo,9.657278,-82.750789,+506 8880 0338,+50688800338,familyhotelpv,,,16910431421739661204
Hostal Cecilia,hotel,Puerto Viejo,9.657362,-82.746545,+506 2750 0302,+50627500302,hostalcecilia,https://www.facebook.com/profile.php?id=100063539262338,,11938523891103686222
Hotel Casa Vito,hotel,Puerto Viejo,9.657561,-82.745573,+506 8697 7557,+50686977557,hotelcasavito,https://www.facebook.com/hotelcasavito,,9002517690753030013
Hotel Infiniti,hotel,Puerto Viejo,9.655938,-82.75219,+506 6055-5149,+50660555149,,,,17030940291864121871
Hotel Mandacarú,hotel,Puerto Viejo,9.658684,-82.750289,+506 2750-0232,+50627500232,,https://www.facebook.com/people/Hotel-Mandacar%C3%BA-Puerto-Viejo/61557680849228/,,11442698979892556145
Hotel Tropical,hotel,Puerto Viejo,9.656609,-82.751619,+506 2750 2064,+50627502064,hoteltropical,https://www.facebook.com/rolfblancketours,https://www.rolfblancke.com/,7969394138081997689
Sueño Grande Bed and Breakfast,hotel,Puerto Viejo,9.657792,-82.750629,+506 7205 9392,+50672059392,suenograndepv,https://www.facebook.com/DreamBiginPV,,5641578059331896840
Mi Casa Hostel y Hotel El Tesoro,hotel,Cocles,9.6533227,-82.7407247,+506 2750 0128,+50627500128,mi_casa_hostel_y_hotel_el_tesoro,,,13125604731849220414
"Bungalows Sloth - Manzanillo, Limón, Costa Rica",hotel,Manzanillo,,,+506 7004 0405,,bungalowslothcr,https://www.facebook.com/p/Bungalows-Sloth-Costa-Rica-100088285026224/,,2126825620796412684
"Cabinas YaMann - Manzanillo, Limón, Costa Rica",hotel,Manzanillo,,,+506 2759 9121,,,https://www.facebook.com/pages/cabinas-yamann/308895395682,,17823151304931402344
"Colibri Lodge Gandoca - Gandoca, Limón, Costa Rica",hotel,Gandoca,,,+506 2754 1057,,colibrilodgegandoca,,,528214679408125557
"Congo Bongo EcoVillage - Manzanillo, Limón, Costa Rica",hotel,Manzanillo,,,+506 2759 9016,,congobongocr,https://www.facebook.com/CongoBongoCR,https://www.congo-bongo.com/,9322669409493347402
"El Colibri Lodge - Manzanillo, Limón, Costa Rica",hotel,Manzanillo,,,+506 2759 9036,,,,,10814072515975103387
"Exotico Beach - Manzanillo, Limón, Costa Rica",hotel,Manzanillo,,,+506 6411 3165,,exoticobeach,https://www.facebook.com/nov23.ebh,,9510139176755946037
"Faith Glamping Dome - Manzanillo, Limón, Costa Rica",hotel,Manzanillo,,,+506 2750 0696,,faithglampingdomecr,https://www.facebook.com/faithglampingdomecr,,4259348950167927907
"Manzanillo Caribbean Resort - Manzanillo, Limón, Costa Rica",hotel,Manzanillo,,,+506 8774 1940,,manzanilloresortcr,https://www.facebook.com/manzanilloresort,,7812100596306456251
"Se Ua Bed and Breakfast - Manzanillo, Limón, Costa Rica",hotel,Manzanillo,,,+506 8807 6663,,,https://www.facebook.com/Se-Ua-Manzanillo-308067895891256/,,
"Shiosai Retreat Cabins - Gandoca, Limón, Costa Rica",hotel,Gandoca,,,+506 8450 9411,,shiosai_cabins,,,2791131175093117206
"Soda y Cabinas Kaniki - Gandoca, Limón, Costa Rica",hotel,Gandoca,,,+506 2754 1071,,,,,
"Tarponville Fishing Lodge - Manzanillo, Limón, Costa Rica",hotel,Manzanillo,,,+506 8499 7131,,tarponville_fishing_lodge,https://www.facebook.com/tarponville,,
Caribe Sur Real Estate,real_estate,Puerto Viejo,9.657328,-82.753803,+506 8701 6816,+50687016816,,https://www.facebook.com/CaribeSurRealEstate,http://www.caribesur-realestate.com/,14937553679269800467
Coldwell Banker Caribe,real_estate,Puerto Viejo,9.658603,-82.749288,+506 7171 8812,+50671718812,coldwellbankercaribe,https://www.facebook.com/coldwellbankercaribe,,49080311362860494
Gigi O Restaurant,restaurant,Puerto Viejo,9.658296,-82.752243,+506 8676 7889,+50686767889,,https://www.facebook.com/wearegigio,https://wearegigi.com/gigi-o,4732141069441829785
Cacao Huasi,restaurant,Puerto Viejo,9.656104,-82.755883,+506 8910 9318,+50689109318,cacaohuasi,,,1242408439996904931
Café Gustitos,restaurant,Puerto Viejo,9.656438,-82.754985,,,caf_gustitos,,,3787124603348818142
Cafe Rico,restaurant,Puerto Viejo,9.657288,-82.752854,+506 2750 0510,+50627500510,cafericocostarica,https://www.facebook.com/CafeRicoCostaRica,https://www.tripadvisor.com/Restaurant_Review-g309265-d3169883-Reviews-Cafe_Rico-Puerto_Viejo_de_Talamanca_Province_of_Limon.html,5741623948918730601
Chaman Mercadito,restaurant,Puerto Viejo,9.657772,-82.754148,,,chaman_mercadito,https://www.facebook.com/chaman.mercadito,,2968574655178095232
Como en la Gloria,restaurant,Puerto Viejo,9.658707,-82.749128,+506 8584 8190,+50685848190,comoenlagloriapuertoviejo,https://www.facebook.com/comoenlagloriapv,https://www.tripadvisor.com/Restaurant_Review-g1212465-d13339992-Reviews-Como_en_la_Gloria-Cocles_Puerto_Viejo_de_Talamanca_Province_of_Limon.html,1992524522108535061
Island City Wingz N Tingz,restaurant,Puerto Viejo,9.658425,-82.751827,+506 7253 1188,+50672531188,,https://www.facebook.com/Islandcityenglish,,4325961701237139165
Joe Snack Point,restaurant,Puerto Viejo,9.653914,-82.754626,+506 2750 0379,+50627500379,,https://www.facebook.com/joe.snackpoint,,13515529363295537137
McCloud's Munchies,restaurant,Puerto Viejo,9.658811,-82.751462,,,,,,15751918209348819421
La Parada Cafeteria,restaurant,Puerto Viejo,9.656646,-82.756,+506 2750 0558,+50627500558,la_parada_cafeteria_cr,,,17702928579971376532
Restaurante Riquísimo,restaurant,Puerto Viejo,9.657389,-82.753954,+506 2750 0367,+50627500367,riqusimo,https://www.facebook.com/Restaurante-Riqu%C3%ADsimo-CR-333747447514616/,https://www.tripadvisor.com/Restaurant_Review-g309265-d4163712-Reviews-Soda_riquisimo-Puerto_Viejo_de_Talamanca_Province_of_Limon.html,9970954456776975626
El Sabor Tico,restaurant,Puerto Viejo,9.656665,-82.754633,+506 8876 5020,+50688765020,,,,7269480960058336334
Samurai Fusion,restaurant,Puerto Viejo,9.658118,-82.751913,+506 8770 7502,+50687707502,samurai_wolaba,https://www.facebook.com/samuraiwolaba/,https://www.tripadvisor.com/Restaurant_Review-g309265-d24135534-Reviews-Samuray_Fusion-Puerto_Viejo_de_Talamanca_Province_of_Limon.html,8353793036632461139
SOCA Restaurant,restaurant,Puerto Viejo,9.657759,-82.752478,+506 8505 1414,+50685051414,socarestaurant,https://www.facebook.com/wahappencaribe,https://www.tripadvisor.com/Restaurant_Review-g309265-d23838043-Reviews-Soca-Puerto_Viejo_de_Talamanca_Province_of_Limon.html,12232799133081119632
Todo Es Posible,restaurant,Puerto Viejo,9.657728,-82.745936,+506 2756 8484,+50627568484,todoesposible,,,10857452245923386259
Clan Vibes Club,restaurant,Puerto Viejo,9.65777,-82.754227,,,clanvibes_club,,,7459202686588347907
Bloom Cafe & Donas,restaurant,Puerto Viejo,9.655791,-82.75402,+506 8661 2372,+50686612372,bloomdonas,,,3622931891880684663
BOA Coworking,restaurant,Puerto Viejo,9.657341,-82.752241,,,,,,9729510481461644038
Bread What What,restaurant,Puerto Viejo,9.658457,-82.752243,+506 8814 8984,+50688148984,,https://www.facebook.com/p/Bread-what-what-100076592611660/,,15524106146082438383
Calipso,restaurant,Puerto Viejo,9.657299,-82.754043,,,calipso.caribe,,,8483815143288546232
Iriria Specialty Coffee Shop,restaurant,Puerto Viejo,9.658533,-82.75219,+506 8707 0543,+50687070543,iriria_cafeteria,,,17441244772065149373
Juice for Life Wolaba,restaurant,Puerto Viejo,9.656813,-82.753179,+506 7043 9694,+50670439694,juiceforlifewolaba,,,543073464450059371
Lulu's Place,restaurant,Puerto Viejo,9.656114,-82.753697,+506 8627 1937,+50686271937,lulusplace,https://www.facebook.com/luluberlugaleria,,3766450624092844612
Pidiendo Cacao,restaurant,Puerto Viejo,9.658906,-82.749544,,,pidiendocacaocr,,,4039924463453362188
Watuza,restaurant,Puerto Viejo,9.6574,-82.755,,,cafeteriawatuza,https://www.facebook.com/watuzacafe,https://www.watuza.pro/blog,5087368109469436
Yerbas Concepto Culinario,restaurant,Puerto Viejo,9.6592,-82.7505,,,culinario,,https://www.instagram.com/yerbas.concepto?igsh=dDJnYXZwYWkzZmd6&utm_source=qr,4171499263891603584
"Bendita Comida - Bribri, Limón, Costa Rica",restaurant,Bribri,,,+506 8820 2410,,,https://www.facebook.com/profile.php?id=100083238105340,,673532812773709021
"Colores Restaurant and Beach Lounge - Manzanillo, Limón, Costa Rica",restaurant,Manzanillo,,,+506 6203 0798,,coloresrestaurantandbeachloung,https://www.facebook.com/Coloresrestaurantandbeachlounge,,3520970534557309146
"Cool and Calm Cafe - Manzanillo, Limón, Costa Rica",restaurant,Manzanillo,,,,,,,https://www.tripadvisor.com/Restaurant_Review-g1644063-d4741756-Reviews-Cool_Calm_Cafe-Manzanillo_Province_of_Limon.html,15849146102448801527
El Dragón,restaurant,Puerto Viejo,,,+506 6410 0334,,,https://www.facebook.com/ElDragon.pv,https://www.tripadvisor.com/Restaurant_Review-g309265-d19939214-Reviews-El_Dragon-Puerto_Viejo_de_Talamanca_Province_of_Limon.html,15307063167947850855
"Fusión Restaurante - Sixaola, Limón, Costa Rica",restaurant,Sixaola,,,+506 6238 3809,,,https://www.facebook.com/p/Fusi%C3%B3n-Restaurante-61560392795414/,,1530710866481715684
"Maxi's Restaurant - Manzanillo, Limón, Costa Rica",restaurant,Manzanillo,,,+506 2759-0673,,,,https://www.tripadvisor.com/Restaurant_Review-g1644063-d1160823-Reviews-Maxi_s_Restaurant-Manzanillo_Province_of_Limon.html,2811947477184958270
"Soda Chang - Sixaola, Limón, Costa Rica",restaurant,Sixaola,,,,,,,,12096131897059550769
"Soda Marta - Sixaola, Limón, Costa Rica",restaurant,Sixaola,,,+506 7040 6944,,,,,17548396689353983180
Automotriz Danny,services,Puerto Viejo,9.656969,-82.751273,+506 2750-0185,+50627500185,automotrizdanny,https://www.facebook.com/Taller-Danny-Puerto-Viejo-1603755879903788/,,8668304854687518026
Clínica Dental Yani,services,Puerto Viejo,9.656159,-82.746072,+506 8868 1439,+50688681439,cdy,https://www.facebook.com/DentalYani,,15014437406187691360
Laboratorio Bioclinic,services,Puerto Viejo,9.657069,-82.753918,+506 2750 0450,+50627500450,laboratoriobioclinic,https://www.facebook.com/Laboratorio-Bioclinic-Puerto-Viejo-380254682030300/,,2511122372422782678
Lavandería La Estrella,services,Puerto Viejo,9.657528,-82.746558,+506 8719 5961,+50687195961,lavandera_la_estrella,,,1889608973525699671
Aloha Skincare and Wellness,services,Puerto Viejo,9.656664,-82.754087,+506 8310 1665,+50683101665,,https://www.facebook.com/Aloha-Caribe-Wellness-187001214674982/,,565813449899308633
Ambar Tattoo Space,services,Puerto Viejo,9.658929,-82.749726,+506 7163 1076,+50671631076,ambar.tattoospace,,,3494255912740671382
Caribe Love Tattoo,services,Puerto Viejo,9.655737,-82.754061,+506 6006 2347,+50660062347,caribelovetattoo,https://www.facebook.com/CaribeLoveTattoo,,16552705196228924381
Earth to Skin,services,Puerto Viejo,9.64952,-82.737008,,,earthtoskin,https://www.facebook.com/profile.php?id=61577075530159,,6047083801083296069
Mendez Barber Shop,services,Puerto Viejo,9.638165,-82.71215,+506 8363 8676,+50683638676,,https://www.facebook.com/Roots-Barber-Shop-337786386865648/,,5529719550027810747
Pure Jungle Spa,services,Puerto Viejo,9.630028,-82.721203,+506 2756 8413,+50627568413,purejunglespa,https://www.facebook.com/PUREJungleSpa,https://www.tripadvisor.com/Attraction_Review-g309265-d1427184-Reviews-Pure_Jungle_Spa-Puerto_Viejo_de_Talamanca_Province_of_Limon.html,13111271524723360984
Svastha Yoga & Ayurveda Café,services,Puerto Viejo,9.656252,-82.755525,+506 6423 3726,+50664233726,svasthacr,https://www.facebook.com/svasthacr,,8317123943686846949
La Tinta Tropical,services,Puerto Viejo,9.657462,-82.754819,+506 8948 9183,+50689489183,latintatropical,https://www.facebook.com/damiancalandra,,3486593641699246622
Clínica Veterinaria Arroyo y Solano,services,Puerto Viejo,9.736005,-82.841876,+506 2756 8306,+50627568306,clnica,https://www.facebook.com/veterinariaarroyosolano,,15400950969629438728
Ciclo Tuanis,services,Puerto Viejo,9.644746,-82.728838,+506 2750 3222,+50627503222,ciclo_tuanis_cr,,,13918274438659118327
Cerrajería Paris,services,Puerto Viejo,9.747332,-82.859364,+506 6085 1666,+50660851666,,https://www.facebook.com/p/Cerrajeria-Par%C3%ADs-Puerto-Viejo-100064036263764/,,6040828318272438452
Eñe Spanish Teachers,services,Puerto Viejo,9.655259,-82.75327,+506 7286 5336,+50672865336,,,,8716363808718267189
Spanish by the Sea,services,Puerto Viejo,9.756165,-82.867946,+506 8799 8992,+50687998992,spanishbythesea,https://www.facebook.com/Spanish-by-the-Sea-Puerto-Viejo-Costa-Rica-1443355352604549/,,439116677363621136
Sea Breeze Events,services,Puerto Viejo,9.657494,-82.753373,,,seabreezeevents,https://www.facebook.com/seabreezeeventscr,https://www.instagram.com/laselva_pv/?hl=es,8923069820182897353
Surf the Jungle Surf School Adventures,services,Puerto Viejo,9.504722,-82.615203,+506 8710 4148,+50687104148,,https://www.facebook.com/surfthejungle,https://www.tripadvisor.com/Attraction_Review-g309265-d10797817-Reviews-Surf_the_Jungle_Surf_School_Adventures-Puerto_Viejo_de_Talamanca_Province_of_Lim.html,14229054643032701360
Catholic Church,services,Puerto Viejo,9.657354,-82.755123,,,catholicchurch,,,4409251360524216865
BAC Credomatic ATM,services,Puerto Viejo,9.655913,-82.754856,,,baccredomaticatm,,,17219624679350508173
"Bomberos Bribri - Bribri, Limón, Costa Rica",services,Bribri,,,+506 2751 0347,,bomberos_costa_rica,,,1663157003072952926
"Clínica de Medicina Integral Bribri - Bribri, Limón, Costa Rica",services,Bribri,,,+506 7222 6452,,,https://www.facebook.com/clinicaenbribri,,15931105907700979601
"Cruz Roja - Bribri, Limón, Costa Rica",services,Bribri,,,+506 2751 0141,,,https://www.facebook.com/crcregionlimon,https://www.cruzroja.or.cr/,657883797543242654
"Mayela Public Parking - Sixaola, Limón, Costa Rica",services,Sixaola,,,+506 8532 6251,,,,,15101902642643077553
"OIJ - Bribri, Limón, Costa Rica",services,Bribri,,,+506 2751-1087,,,https://www.facebook.com/pages,https://sitiooij.poder-judicial.go.cr/index.php/oficinas/subdelegaciones-regionales/bribri,6403317079907227998
"Parqueo Sixaola - Sixaola, Limón, Costa Rica",services,Sixaola,,,+506 7117 2345,,,https://www.facebook.com/profile.php?id=100088425357322,,3973269979891349390
"Terminal de Buses Sixaola - Sixaola, Limón, Costa Rica",services,Sixaola,,,,,,,,12283987889434351587
Aloe Boutique,shopping,Puerto Viejo,9.656082,-82.755033,,,aloeboutique,https://www.facebook.com/Aloe-Tienda-108353358021927/,,6004428022633356945
Bambu Store,shopping,Puerto Viejo,9.657189,-82.754144,+506 2750 0211,+50627500211,,https://www.facebook.com/bambupuertoviejo,,3007132759593543579
Cantik at Home,shopping,Puerto Viejo,9.657071,-82.754024,,,cantikathome,,,14335650359629993448
Marea Santa,shopping,Puerto Viejo,9.656735,-82.754281,+506 7010 0062,+50670100062,,https://www.facebook.com/p/Marea-Santa-100064035669917/,,4573919399282068853
Naturama Store,shopping,Puerto Viejo,9.657574,-82.75287,+506 8918 0137,+50689180137,naturamastore,https://www.facebook.com/naturamastore,,1867018045151554137
Passion Fruit Store,shopping,Puerto Viejo,9.657111,-82.753955,+506 6179 4448,+50661794448,,https://www.facebook.com/passionfruitcr,,3589518174440329979
Reggaeland,shopping,Puerto Viejo,9.657476,-82.753243,+506 2750 2096,+50627502096,,https://www.facebook.com/reggaeland.pv,,4399460039894613264
Electro Office,shopping,Puerto Viejo,9.656982,-82.753775,+506 2750 0330,+50627500330,electrooffice,https://www.facebook.com/Electro-Office-650054101741154/,,13937010489015814564
Librería Caribe,shopping,Puerto Viejo,9.655752,-82.754918,+506 2750 0497,+50627500497,,https://www.facebook.com/libreriacaribe.caribe,,9017085322259588567
La Pitaya,shopping,Puerto Viejo,9.657295,-82.753781,,,lapitayapuertoviejo,,,1577213594063101362
Wanderlust,shopping,Puerto Viejo,9.656391,-82.755545,,,wanderlustpuertoviejo,https://www.facebook.com/Wanderlust-Puerto-Viejo-1468490133200683/,,7346571536131451543
Mariscos Mopri,shopping,Puerto Viejo,9.655029,-82.755604,+506 2102 0664,+50621020664,mariscoscostarica,https://www.facebook.com/Pescaderia-y-Marisquer%C3%ADa-Mopr%C3%AD-265861103432042/,https://www.tripadvisor.com/Restaurant_Review-g309265-d2702923-Reviews-Mopri-Puerto_Viejo_de_Talamanca_Province_of_Limon.html,15490944357828439393
Mega Super,shopping,Puerto Viejo,9.655225,-82.754146,,,megasuper,,,9205429348892041088
Exploradores Outdoors,tour_company,Puerto Viejo,9.65901,-82.750715,+506 2750 2020,+50627502020,outdoors,https://www.facebook.com/raftingcr,,16305114679791493305
Hidden Garden Ethnobotanical Sanctuary,tour_company,Puerto Viejo,9.653993,-82.746475,+506 8340 8889,+50683408889,hiddengardenethnobotanicalsanctuary,https://www.facebook.com/hiddengardenwellness,http://www.hiddengarden.co/,18254971901429379098
Caribe Shuttle,tour_company,Puerto Viejo,9.6562,-82.755075,+506 2750-0626,+50627500626,caribeshuttle,https://www.facebook.com/CaribeShuttle,https://www.caribeshuttle.com/?utm_source=g-mybusiness&utm_medium=mybusiness-link&utm_campaign=clickass-direct-bookings&utm_id=g-mybusiness-tourdsk-pv,3254890975301091925
ATEC,tour_company,Puerto Viejo,9.656059,-82.754844,+506 8706 4758,+50687064758,atec_ong,https://www.facebook.com/ongatec,https://www.tripadvisor.com/Attraction_Review-g309265-d2209012-Reviews-ATEC_Talamancan_Association_of_Ecotourism_and_Conservation_Day_Tours-Puerto_Viejo.html,11890875733593568965
Gecko Trail Costa Rica,tour_company,Puerto Viejo,9.65738,-82.754755,+506 8724 9252,+50687249252,geckotrailcostarica,https://www.facebook.com/GeckoTrail,https://www.tripadvisor.com/Attraction_Review-g309265-d1758265-Reviews-Gecko_Trail_Day_Tours-Puerto_Viejo_de_Talamanca_Province_of_Limon.html,831507804855121720
Main Bus Stop,tour_company,Puerto Viejo,9.656686,-82.755987,,,main_cr,,,7826458106781310635
"Ara Manzanillo - Manzanillo, Limón, Costa Rica",tour_company,Manzanillo,,,+506 8971-1436,,,https://www.facebook.com/profile.php?id=100075604910711,https://aramanzanillo.org,10605010078218467955
"Gandoca Tours - Gandoca, Limón, Costa Rica",tour_company,Gandoca,,,+506 8762 8848,,gandocatours,https://www.facebook.com/GandocaTours,,369095546087240155
"Nature Observatorio - Manzanillo, Limón, Costa Rica",tour_company,Manzanillo,,,+506 8628 2663,,natureobservatorio,https://www.facebook.com/natureobservatorio,https://www.tripadvisor.com/Attraction_Review-g1644063-d1880685-Reviews-Nature_Observatorio-Manzanillo_Province_of_Limon.html,
Douglasville Guesthouse,vacation_rental,Puerto Viejo,9.654025,-82.753971,+506 8875 8494,+50688758494,,https://www.facebook.com/rentatdouglasville,,8689012956679917112
Caribbean Comfort,vacation_rental,Puerto Viejo,9.65623,-82.755404,+506 8888 5223,+50688885223,caribbeancomfort,,,9201616901711710091
Casa Arlecchino,vacation_rental,Puerto Viejo,9.655215,-82.744656,+506 6299 5955,+50662995955,arlecchino,,,13639343625190683419
Casa Kinkaju,vacation_rental,Puerto Viejo,9.657338,-82.748652,+506 2750 2004,+50627502004,,https://www.facebook.com/Casa-Kinkaju-142674086423136/,,9120865451737148097
Colibri Ecolodge,vacation_rental,Puerto Viejo,9.652904,-82.755403,+506 8774 1940,+50687741940,,,,656242078778664441
Estrellas Cabinas,vacation_rental,Puerto Viejo,9.652322,-82.749268,27500686,,,https://www.facebook.com/casitasmaryluz,http://www.casitasmaryluz.com/,8515965990195848246
"Chile Verde - Manzanillo, Limón, Costa Rica",vacation_rental,Manzanillo,,,+506 8396 3247,,,,,6304189307372846359
"El Arbol Jungle Houses - Manzanillo, Limón, Costa Rica",vacation_rental,Manzanillo,,,+506 8721 3949,,,,,
"Green Lapa's Village - Manzanillo, Limón, Costa Rica",vacation_rental,Manzanillo,,,+506 6184 2373,,greenlapasvillage,,,9791432593542222900
"Happy House Manzanillo - Manzanillo, Limón, Costa Rica",vacation_rental,Manzanillo,,,,,happyhousecostarica,https://www.facebook.com/profile.php?id=100075797204148,https://vrbo.com/affiliate/pWzjiFo,7613918281459191152
"Jungle Dreamz - Manzanillo, Limón, Costa Rica",vacation_rental,Manzanillo,,,+506 8315 7245,,,https://www.facebook.com/pages/Jungle-Dreamz/114455975236832,,
"Kañik Apart Hotel - Manzanillo, Limón, Costa Rica",vacation_rental,Manzanillo,,,+506 4350 0806,,kanikapartahotel,,,918804293272785482
"Pangea Lodge - Manzanillo, Limón, Costa Rica",vacation_rental,Manzanillo,,,+506 8738 4860,,,https://www.facebook.com/PangeaLodgeManzanillo,,
