master_name,master_category,master_area,osm_name,osm_category,osm_lat,osm_lon,osm_phone,osm_website,osm_email,osm_hours
"3 Bamboo Ecolodge - Cahuita, Limón, Costa Rica",hotel,Cahuita,Cahuita,unknown,9.679779,-82.77224,,,,
7 Ice Creams,restaurant,Puerto Viejo,ICE,unknown,9.65524,-82.752213,,,,
Adobe EasyCar Rent a Car,tour_company,Puerto Viejo,"Adobe Rent a Car, Puerto Viejo",services,9.656034,-82.754923,(506) 2750-0715,https://www.adobecar.com/en/rent-a-car-in-puerto-viejo-costa-rica/,puertoviejo@adobecar.com,Mo-Sa 08:00-17:00
Alamo Enterprise Car Rental,tour_company,Puerto Viejo,Alamo,services,9.656083,-82.753885,,,,
"Aldina's Guest House - Cahuita, Limón, Costa Rica",hotel,Cahuita,Cahuita,unknown,9.679779,-82.77224,,,,
"Alloro Jungle Villas - Playa Cocles, Puerto Viejo, Limón, Costa Rica",vacation_rental,Cocles,Hotel Puerto Viejo,hotel,9.65715,-82.753454,,,,
"Almacen San Francisco - Playa Negra, Puerto Viejo, Limón, Costa Rica",shopping,Playa Negra,Calle Playa Negra,unknown,9.656424,-82.769348,,,,
"Almonds and Corals Boutique Hotel - Manzanillo, Limón, Costa Rica",hotel,Manzanillo,Exotic Boutique Hotel,hotel,9.658684,-82.749641,,,,
"Aloki Village - Playa Chiquita, Puerto Viejo, Limón, Costa Rica",vacation_rental,Playa Chiquita,Escuela Playa Chiquita,services,9.637235,-82.707475,,,,
Amimodo Beach Rooms,hotel,Puerto Viejo,Amimodo,restaurant,9.658973,-82.750556,,,,
Amimodo Restaurant,restaurant,Puerto Viejo,Amimodo,restaurant,9.658973,-82.750556,,,,
"Angler's Lair - Playa Chiquita, Puerto Viejo, Limón, Costa Rica",vacation_rental,Playa Chiquita,Escuela Playa Chiquita,services,9.637235,-82.707475,,,,
"AroCocles - Playa Cocles, Puerto Viejo, Limón, Costa Rica",vacation_rental,Cocles,Hotel Puerto Viejo,hotel,9.65715,-82.753454,,,,
"Aroma Coffee Bar and Breakfast - Cahuita, Limón, Costa Rica",restaurant,Cahuita,Cahuita,unknown,9.679779,-82.77224,,,,
"Arrecife Hotel y Restaurante - Playa Punta Uva, Puerto Viejo, Limón, Costa Rica",restaurant,Punta Uva,Hotel Puerto Viejo,hotel,9.65715,-82.753454,,,,
"Asante Bistro & Café - Cahuita, Limón, Costa Rica",restaurant,Cahuita,Cahuita,unknown,9.679779,-82.77224,,,,
"Atlantida Lodge - Cahuita, Limón, Costa Rica",hotel,Cahuita,Cahuita,unknown,9.679779,-82.77224,,,,
"Awa Beach Boutique Hotel - Playa Punta Uva, Puerto Viejo, Limón, Costa Rica",hotel,Punta Uva,Hotel Puerto Viejo,hotel,9.65715,-82.753454,,,,
"Azania Bungalows - Playa Cocles, Puerto Viejo, Limón, Costa Rica",hotel,Cocles,Hotel Puerto Viejo,hotel,9.65715,-82.753454,,,,
"Azania Oasis - Playa Cocles, Puerto Viejo, Limón, Costa Rica",vacation_rental,Cocles,Hotel Puerto Viejo,hotel,9.65715,-82.753454,,,,
"Azul Bar and Grill - Playa Negra, Puerto Viejo, Limón, Costa Rica",restaurant,Playa Negra,Calle Playa Negra,unknown,9.656424,-82.769348,,,,
"Babilonia - Cahuita, Limón, Costa Rica",vacation_rental,Cahuita,Cahuita,unknown,9.679779,-82.77224,,,,
"Bambutel - Playa Cocles, Puerto Viejo, Limón, Costa Rica",hotel,Cocles,Hotel Puerto Viejo,hotel,9.65715,-82.753454,,,,
"Banana Azul - Playa Negra, Puerto Viejo, Limón, Costa Rica",hotel,Playa Negra,Calle Playa Negra,unknown,9.656424,-82.769348,,,,
Banco Nacional,services,Puerto Viejo,Banco Nacional,services,9.655132,-82.755415,,,,Mo-Fr 09:00-16:20
"Banco de Costa Rica Cahuita - Cahuita, Limón, Costa Rica",services,Cahuita,Cahuita,unknown,9.679779,-82.77224,,,,
Banco de Costa Rica Puerto Viejo,services,Puerto Viejo,Megasuper Puerto Viejo,shopping,9.655269,-82.754073,,,,
"Baya Baya Café - Playa Cocles, Puerto Viejo, Limón, Costa Rica",restaurant,Cocles,Hotel Puerto Viejo,hotel,9.65715,-82.753454,,,,
"Be My Guest Cabinas - Playa Negra, Puerto Viejo, Limón, Costa Rica",vacation_rental,Playa Negra,Calle Playa Negra,unknown,9.656424,-82.769348,,,,
"Beach Break Restaurant - Playa Cocles, Puerto Viejo, Limón, Costa Rica",restaurant,Cocles,Hotel Puerto Viejo,hotel,9.65715,-82.753454,,,,
Beach Hut,hotel,Puerto Viejo,Beach Hut,hotel,9.657733,-82.752862,2750-0895,,,
Best Travel Puerto Viejo,tour_company,Puerto Viejo,Megasuper Puerto Viejo,shopping,9.655269,-82.754073,,,,
"Big Tree Wildlife Refuge - Playa Punta Uva, Puerto Viejo, Limón, Costa Rica",vacation_rental,Punta Uva,Hotel Puerto Viejo,hotel,9.65715,-82.753454,,,,
Bio Mercado Puerto Viejo,shopping,Puerto Viejo,Megasuper Puerto Viejo,shopping,9.655269,-82.754073,,,,
"Black Shack Surf School - Playa Cocles, Puerto Viejo, Limón, Costa Rica",services,Cocles,Hotel Puerto Viejo,hotel,9.65715,-82.753454,,,,
"Blessed House - Playa Negra, Puerto Viejo, Limón, Costa Rica",vacation_rental,Playa Negra,Calle Playa Negra,unknown,9.656424,-82.769348,,,,
"Blossom Paradise Retreat - Playa Negra, Puerto Viejo, Limón, Costa Rica",vacation_rental,Playa Negra,Calle Playa Negra,unknown,9.656424,-82.769348,,,,
Blue Dreams Hotel,,,Hotel Blue Conga,hotel,9.656391,-82.745432,+506 2750 0681,http://www.hotelblueconga.com/,,
"Boca Chica Bar Restaurante y Piscina - Cahuita, Limón, Costa Rica",restaurant,Cahuita,Nema Bar Restaurante,restaurant,9.658552,-82.751706,,,,
"Bohemian Monkey - Cahuita, Limón, Costa Rica",vacation_rental,Cahuita,Cahuita,unknown,9.679779,-82.77224,,,,
Bread and Chocolate,restaurant,Puerto Viejo,Bread & Chocolate,restaurant,9.656418,-82.753841,,https://www.breadandchocolatecr.com/,,Tu-Sa 06:30-18:30; Su 06:30-14:30
"Brigitte's Ranch - Cahuita, Limón, Costa Rica",hotel,Cahuita,Cahuita,unknown,9.679779,-82.77224,,,,
"Bungalow Malú Lodge - Cahuita, Limón, Costa Rica",hotel,Cahuita,Cahuita,unknown,9.679779,-82.77224,,,,
"Bungalows Ache - Cahuita, Limón, Costa Rica",hotel,Cahuita,Cahuita,unknown,9.679779,-82.77224,,,,
Bungalows Calalú,hotel,Puerto Viejo,Bungalows CALALÚ,hotel,9.657983,-82.7494,,,,
"Bungalows Punta Uva - Playa Punta Uva, Puerto Viejo, Limón, Costa Rica",vacation_rental,Punta Uva,Hotel Puerto Viejo,hotel,9.65715,-82.753454,,,,
CHOCORART,,,CHOCORART,tour_company,9.633968,-82.707686,,,,
"Cabañas Cocles - Playa Cocles, Puerto Viejo, Limón, Costa Rica",hotel,Cocles,Hotel Puerto Viejo,hotel,9.65715,-82.753454,,,,
"Cabinas Algebra - Cahuita, Limón, Costa Rica",hotel,Cahuita,Cahuita,unknown,9.679779,-82.77224,,,,
"Cabinas Arrecife - Cahuita, Limón, Costa Rica",hotel,Cahuita,Cahuita,unknown,9.679779,-82.77224,,,,
"Cabinas Cable Talamanca - Playa Negra, Puerto Viejo, Limón, Costa Rica",vacation_rental,Playa Negra,Calle Playa Negra,unknown,9.656424,-82.769348,,,,
"Cabinas Caribe Luna - Cahuita, Limón, Costa Rica",hotel,Cahuita,Cahuita,unknown,9.679779,-82.77224,,,,
"Cabinas El Imperio - Sixaola, Limón, Costa Rica",hotel,Sixaola,Cabinas El Tesoro,hotel,9.652158,-82.740019,2750-0128,www.cabinaseltesoro.com,cabinaseltesoro@puertoviejo.net,
"Cabinas El Mango - Bribri, Limón, Costa Rica",hotel,Bribri,Cabinas El Tesoro,hotel,9.652158,-82.740019,2750-0128,www.cabinaseltesoro.com,cabinaseltesoro@puertoviejo.net,
"Cabinas El Rinconcito - Gandoca, Limón, Costa Rica",hotel,Gandoca,Cabinas El Tesoro,hotel,9.652158,-82.740019,2750-0128,www.cabinaseltesoro.com,cabinaseltesoro@puertoviejo.net,
Cabinas Guarana,hotel,Puerto Viejo,Cabinas guarana,hostel,9.655749,-82.754001,,,,
"Cabinas Iguana Cahuita - Cahuita, Limón, Costa Rica",hotel,Cahuita,Cahuita,unknown,9.679779,-82.77224,,,,
Cabinas Jacaranda,hotel,Puerto Viejo,Cabinas Jacaranda,hotel,9.655809,-82.753156,2750 0069,www.cabinasjacaranda.net,,
"Cabinas Jenny - Cahuita, Limón, Costa Rica",hotel,Cahuita,Cahuita,unknown,9.679779,-82.77224,,,,
"Cabinas Kinawe - Hone Creek, Limón, Costa Rica",hotel,Hone Creek,Gasolinera Hone Creek,services,9.658505,-82.798365,,,,
"Cabinas Kuákua - Playa Negra, Puerto Viejo, Limón, Costa Rica",hotel,Playa Negra,Calle Playa Negra,unknown,9.656424,-82.769348,,,,
Cabinas Lika,hotel,Puerto Viejo,Cabinas Lika,hotel,9.654799,-82.754644,2760 0209,,,
Cabinas Los Almendros,hotel,Puerto Viejo,Cabinas Los Almendros,hotel,9.657718,-82.754989,,,,
Cabinas Monte Sol,hotel,Puerto Viejo,Monte Sol,hotel,9.657713,-82.749097,,,,
Cabinas Mor,hotel,Puerto Viejo,Cabinas & Caribbean House MOR,hotel,9.656291,-82.752732,,,,
"Cabinas Nirvana Ecolodge - Cahuita, Limón, Costa Rica",hotel,Cahuita,Cahuita,unknown,9.679779,-82.77224,,,,
"Cabinas Ole Caribe - Playa Cocles, Puerto Viejo, Limón, Costa Rica",hotel,Cocles,Cocles,unknown,9.643783,-82.730561,,,,
Cabinas Orange Green,hotel,Puerto Viejo,Cabinas Orange Green,hotel,9.659382,-82.749207,44016057,,,
"Cabinas Palmer Makanda - Cahuita, Limón, Costa Rica",hotel,Cahuita,Cahuita,unknown,9.679779,-82.77224,,,,
"Cabinas Smith - Cahuita, Limón, Costa Rica",hotel,Cahuita,Cahuita,unknown,9.679779,-82.77224,,,,
"Cabinas Surf Side - Cahuita, Limón, Costa Rica",hotel,Cahuita,Cahuita,unknown,9.679779,-82.77224,,,,
"Cabinas Tito - Cahuita, Limón, Costa Rica",hotel,Cahuita,Cahuita,unknown,9.679779,-82.77224,,,,
Cabinas Wray,hotel,Puerto Viejo,Cabinas Wray,hotel,9.652642,-82.762185,506 8740 2102,,,
"Cacao Trails Bole - Hone Creek, Limón, Costa Rica",tour_company,Hone Creek,Gasolinera Hone Creek,services,9.658505,-82.798365,,,,
Cafe Viejo,restaurant,Puerto Viejo,Restaurante Cafe Viejo,restaurant,9.656874,-82.754202,,https://cafeviejo.com/,,
Café Rico,restaurant,Puerto Viejo,Café Rico,restaurant,9.657201,-82.752799,,,,
"Café del Mar - Playa Cocles, Puerto Viejo, Limón, Costa Rica",restaurant,Cocles,Hotel Puerto Viejo,hotel,9.65715,-82.753454,,,,
"Cahuita Bus Station - Cahuita, Limón, Costa Rica",tour_company,Cahuita,Cahuita,unknown,9.679779,-82.77224,,,,
"Cahuita Inn - Cahuita, Limón, Costa Rica",hotel,Cahuita,Cahuita,unknown,9.679779,-82.77224,,,,
"Cahuita Lodge - Cahuita, Limón, Costa Rica",vacation_rental,Cahuita,Cahuita,unknown,9.679779,-82.77224,,,,
"Cahuita National Park Hotel - Cahuita, Limón, Costa Rica",hotel,Cahuita,Cahuita,unknown,9.679779,-82.77224,,,,
"Canto del Mar Guest House - Gandoca, Limón, Costa Rica",hotel,Gandoca,Angelika´s Guest House,hotel,9.643453,-82.719068,,,,
"Caribbean Blue House - Cahuita, Limón, Costa Rica",vacation_rental,Cahuita,Cahuita,unknown,9.679779,-82.77224,,,,
"Caribbean Coconut - Cahuita, Limón, Costa Rica",hotel,Cahuita,Cahuita,unknown,9.679779,-82.77224,,,,
"Caribbean Courtyard Villa - Playa Chiquita, Puerto Viejo, Limón, Costa Rica",vacation_rental,Playa Chiquita,Escuela Playa Chiquita,services,9.637235,-82.707475,,,,
Caribe Dental,services,Puerto Viejo,Caribe Dental,services,9.656688,-82.754006,+506 8819 9975,,,Mo-Fr 09:00-17:00
"Caribe Fun Tours - Playa Negra, Puerto Viejo, Limón, Costa Rica",tour_company,Playa Negra,Calle Playa Negra,unknown,9.656424,-82.769348,,,,
"Caribe Horse Riding Club - Playa Cocles, Puerto Viejo, Limón, Costa Rica",tour_company,Cocles,Cocles,unknown,9.643783,-82.730561,,,,
"Caribe Town Resort - Playa Cocles, Puerto Viejo, Limón, Costa Rica",hotel,Cocles,Cocles,unknown,9.643783,-82.730561,,,,
"Caribeans Coffee and Chocolate - Playa Cocles, Puerto Viejo, Limón, Costa Rica",restaurant,Cocles,Hotel Puerto Viejo,hotel,9.65715,-82.753454,,,,
"Cariblue Beach and Jungle Resort - Playa Cocles, Puerto Viejo, Limón, Costa Rica",hotel,Cocles,Cocles,unknown,9.643783,-82.730561,,,,
"Caripro Apartments - Playa Negra, Puerto Viejo, Limón, Costa Rica",vacation_rental,Playa Negra,Calle Playa Negra,unknown,9.656424,-82.769348,,,,
"Casa Ackee - Playa Cocles, Puerto Viejo, Limón, Costa Rica",vacation_rental,Cocles,Cocles,unknown,9.643783,-82.730561,,,,
"Casa Ambar - Playa Chiquita, Puerto Viejo, Limón, Costa Rica",vacation_rental,Playa Chiquita,Escuela Playa Chiquita,services,9.637235,-82.707475,,,,
Casa Amma,,,Calle Casa Amma,unknown,9.653097,-82.765472,,,,
Casa Badawi,hotel,Puerto Viejo,Casa Badawi,hotel,9.656739,-82.748616,+50687047926,https://airbnb.co.cr/h/casabadawi,psalmeron1969@gmail.com,
Casa Black Chaini,vacation_rental,Puerto Viejo,Casa Black Chaini,hotel,9.654317,-82.745013,+506 50090917,https://es-l.airbnb.com/rooms/871892847445141449?guests=1&adults=1&s=67&unique_share_id=fcd2cb90-b7a9-4204-b186-49f85771031d,casablackchaini@gmail.com,Mo-Su 07:00-22:00
Casa Chilamate Day House,,,Chilamate,hotel,9.653229,-82.7655,,,,
"Casa Cielo - Playa Punta Uva, Puerto Viejo, Limón, Costa Rica",vacation_rental,Punta Uva,Hotel Puerto Viejo,hotel,9.65715,-82.753454,,,,
"Casa Congo Cahuita - Cahuita, Limón, Costa Rica",vacation_rental,Cahuita,Cahuita,unknown,9.679779,-82.77224,,,,
"Casa Conley Del Mar - Hone Creek, Limón, Costa Rica",hotel,Hone Creek,Gasolinera Hone Creek,services,9.658505,-82.798365,,,,
"Casa Corazon del Mar - Playa Negra, Puerto Viejo, Limón, Costa Rica",vacation_rental,Playa Negra,Calle Playa Negra,unknown,9.656424,-82.769348,,,,
"Casa De La Trepada - Playa Punta Uva, Puerto Viejo, Limón, Costa Rica",vacation_rental,Punta Uva,Hotel Puerto Viejo,hotel,9.65715,-82.753454,,,,
"Casa Eden Jungle Apartments - Playa Cocles, Puerto Viejo, Limón, Costa Rica",vacation_rental,Cocles,Cocles,unknown,9.643783,-82.730561,,,,
"Casa Firefly Boutique Retreat - Cahuita, Limón, Costa Rica",hotel,Cahuita,Cahuita,unknown,9.679779,-82.77224,,,,
"Casa Galim Beach House - Playa Negra, Puerto Viejo, Limón, Costa Rica",vacation_rental,Playa Negra,Calle Playa Negra,unknown,9.656424,-82.769348,,,,
"Casa Jeffrey - Playa Negra, Puerto Viejo, Limón, Costa Rica",vacation_rental,Playa Negra,Calle Playa Negra,unknown,9.656424,-82.769348,,,,
"Casa Jungle Love - Playa Chiquita, Puerto Viejo, Limón, Costa Rica",vacation_rental,Playa Chiquita,Escuela Playa Chiquita,services,9.637235,-82.707475,,,,
"Casa Lucas - Cahuita, Limón, Costa Rica",vacation_rental,Cahuita,Cahuita,unknown,9.679779,-82.77224,,,,
"Casa Luce - Playa Negra, Puerto Viejo, Limón, Costa Rica",hotel,Playa Negra,Calle Playa Negra,unknown,9.656424,-82.769348,,,,
"Casa Luna Beach House - Playa Negra, Puerto Viejo, Limón, Costa Rica",vacation_rental,Playa Negra,Calle Playa Negra,unknown,9.656424,-82.769348,,,,
"Casa Magdalena - Cahuita, Limón, Costa Rica",vacation_rental,Cahuita,Cahuita,unknown,9.679779,-82.77224,,,,
"Casa Mambo Cahuita - Cahuita, Limón, Costa Rica",hotel,Cahuita,Cahuita,unknown,9.679779,-82.77224,,,,
"Casa Mandala - Playa Chiquita, Puerto Viejo, Limón, Costa Rica",shopping,Playa Chiquita,Escuela Playa Chiquita,services,9.637235,-82.707475,,,,
"Casa Marcellino - Cahuita, Limón, Costa Rica",vacation_rental,Cahuita,Cahuita,unknown,9.679779,-82.77224,,,,
"Casa Margarita - Playa Cocles, Puerto Viejo, Limón, Costa Rica",vacation_rental,Cocles,Cocles,unknown,9.643783,-82.730561,,,,
"Casa Mariposa - Playa Cocles, Puerto Viejo, Limón, Costa Rica",vacation_rental,Cocles,Cocles,unknown,9.643783,-82.730561,,,,
"Casa Matix - Playa Punta Uva, Puerto Viejo, Limón, Costa Rica",vacation_rental,Punta Uva,Hotel Puerto Viejo,hotel,9.65715,-82.753454,,,,
"Casa Merlin Lodge - Playa Chiquita, Puerto Viejo, Limón, Costa Rica",hotel,Playa Chiquita,Casa Camarona Lodge,hotel,9.652135,-82.7518,2750-0151,www.casacamarona.co.cr,,
"Casa Moabi - Playa Chiquita, Puerto Viejo, Limón, Costa Rica",vacation_rental,Playa Chiquita,Escuela Playa Chiquita,services,9.637235,-82.707475,,,,
"Casa Modí - Playa Cocles, Puerto Viejo, Limón, Costa Rica",vacation_rental,Cocles,Cocles,unknown,9.643783,-82.730561,,,,
"Casa Namaitamí - Cahuita, Limón, Costa Rica",vacation_rental,Cahuita,Cahuita,unknown,9.679779,-82.77224,,,,
"Casa Ocelote - Playa Negra, Puerto Viejo, Limón, Costa Rica",vacation_rental,Playa Negra,Calle Playa Negra,unknown,9.656424,-82.769348,,,,
"Casa Osos Caribeños - Playa Chiquita, Puerto Viejo, Limón, Costa Rica",vacation_rental,Playa Chiquita,Escuela Playa Chiquita,services,9.637235,-82.707475,,,,
"Casa Rio Restaurant & Bar - Playa Cocles, Puerto Viejo, Limón, Costa Rica",restaurant,Cocles,Cocles,unknown,9.643783,-82.730561,,,,
"Casa Roble de Playa Negra - Playa Negra, Puerto Viejo, Limón, Costa Rica",vacation_rental,Playa Negra,Calle Playa Negra,unknown,9.656424,-82.769348,,,,
"Casa Selva - Playa Negra, Puerto Viejo, Limón, Costa Rica",vacation_rental,Playa Negra,Calle Playa Negra,unknown,9.656424,-82.769348,,,,
"Casa Theia - Playa Negra, Puerto Viejo, Limón, Costa Rica",vacation_rental,Playa Negra,Calle Playa Negra,unknown,9.656424,-82.769348,,,,
Casa Trinidad,hotel,Puerto Viejo,Casa Trinidad,hotel,9.656821,-82.748854,,,psalmeron1969@gmail.com,
Casa Tuareg,hotel,Puerto Viejo,Casa Tuareg,hotel,9.656377,-82.748938,,,psalmeron1969@gmail.com,
"Casa Verde Cahuita - Cahuita, Limón, Costa Rica",vacation_rental,Cahuita,Casa Verde Lodge,hotel,9.657241,-82.752324,506 2750 0015,,,
"Casa Viva - Playa Punta Uva, Puerto Viejo, Limón, Costa Rica",vacation_rental,Punta Uva,Hotel Puerto Viejo,hotel,9.65715,-82.753454,,,,
Casa Wolaba,hostel,Puerto Viejo,Casa Wolaba,hostel,9.656485,-82.751841,,https://www.hostelworld.com/st/hostels/p/309603/Casa-Wolaba/ https://www.hostelworld.com/st/hostels/p/309603/Casa-Wolaba/,,
Casa de la Cultura,services,Puerto Viejo,Casa de la Cultura Marcus Garvey,unknown,9.657017,-82.754438,,,,
"Casa de la Musa - Playa Punta Uva, Puerto Viejo, Limón, Costa Rica",vacation_rental,Punta Uva,Hotel Puerto Viejo,hotel,9.65715,-82.753454,,,,
Casa del Caribe B&B,,,Frutas del Caribe,shopping,9.657584,-82.797997,,,,
"Casas Del Mar - Manzanillo, Limón, Costa Rica",vacation_rental,Manzanillo,Tienda del mar,shopping,9.657321,-82.753737,,,,
"Casas La Selvatica - Playa Chiquita, Puerto Viejo, Limón, Costa Rica",vacation_rental,Playa Chiquita,Escuela Playa Chiquita,services,9.637235,-82.707475,,,,
"Casas del Caribe - Playa Chiquita, Puerto Viejo, Limón, Costa Rica",vacation_rental,Playa Chiquita,Frutas del Caribe,shopping,9.657584,-82.797997,,,,
"Casita Kreyol - Playa Negra, Puerto Viejo, Limón, Costa Rica",vacation_rental,Playa Negra,Calle Playa Negra,unknown,9.656424,-82.769348,,,,
"Casitas Joanna - Playa Negra, Puerto Viejo, Limón, Costa Rica",vacation_rental,Playa Negra,Calle Playa Negra,unknown,9.656424,-82.769348,,,,
Casitas La Playa,hotel,Puerto Viejo,Casitas La Playa,hotel,9.657969,-82.74583,,,,
"Casitas Las Flores - Playa Negra, Puerto Viejo, Limón, Costa Rica",hotel,Playa Negra,Calle Playa Negra,unknown,9.656424,-82.769348,,,,
"Casitas Mar y Luz - Playa Chiquita, Puerto Viejo, Limón, Costa Rica",hotel,Playa Chiquita,Escuela Playa Chiquita,services,9.637235,-82.707475,,,,
"Ceibo Adventure - Playa Chiquita, Puerto Viejo, Limón, Costa Rica",tour_company,Playa Chiquita,Escuela Playa Chiquita,services,9.637235,-82.707475,,,,
Central de Mascotas,services,Puerto Viejo,Central de Mascotas,services,9.655209,-82.755478,,,,
"Centro Educativo Complementaria Cahuita - Cahuita, Limón, Costa Rica",services,Cahuita,Cahuita,unknown,9.679779,-82.77224,,,,
"Centro Educativo Playa Chiquita Punta Uva - Playa Chiquita, Puerto Viejo, Limón, Costa Rica",services,Playa Chiquita,Escuela Playa Chiquita,services,9.637235,-82.707475,,,,
Centro Médico Aruma,services,Puerto Viejo,Centro Médico Aruma,services,9.65372,-82.761501,506 8655 5082,,,
Centro de Carnes Canada,shopping,Puerto Viejo,Centro de Carnes Canada,shopping,9.657343,-82.754858,,,,
"Century 21 Caribe - Playa Chiquita, Puerto Viejo, Limón, Costa Rica",real_estate,Playa Chiquita,Escuela Playa Chiquita,services,9.637235,-82.707475,,,,
"Cervecera Tierra y Libertad - Hone Creek, Limón, Costa Rica",shopping,Hone Creek,Gasolinera Hone Creek,services,9.658505,-82.798365,,,,
"Chamber of Tourism and Commerce Caribe Sur - Playa Negra, Puerto Viejo, Limón, Costa Rica",services,Playa Negra,Calle Playa Negra,unknown,9.656424,-82.769348,,,,
"Chao's Paradise - Cahuita, Limón, Costa Rica",restaurant,Cahuita,Cahuita,unknown,9.679779,-82.77224,,,,
Chile Rojo,restaurant,Puerto Viejo,Chile Rojo,restaurant,9.657522,-82.753075,,,,
Chili Rojo,restaurant,Puerto Viejo,Chili Rojo,restaurant,9.657136,-82.754149,,,,
Chill and Cheese Snackbar,restaurant,Puerto Viejo,Chill & Cheese,restaurant,9.658955,-82.750762,,,,
"Chimuri Beach Retreat - Playa Negra, Puerto Viejo, Limón, Costa Rica",vacation_rental,Playa Negra,Calle Playa Negra,unknown,9.656424,-82.769348,,,,
Chinuk Boutique Hotel,hotel,Puerto Viejo,Exotic Boutique Hotel,hotel,9.658684,-82.749641,,,,
"Chiquita Escondida - Playa Chiquita, Puerto Viejo, Limón, Costa Rica",vacation_rental,Playa Chiquita,Escuela Playa Chiquita,services,9.637235,-82.707475,,,,
"Ciudad Perdida Ecolodge - Cahuita, Limón, Costa Rica",hotel,Cahuita,Cahuita,unknown,9.679779,-82.77224,,,,
"Clinica Dental OCI Cahuita - Cahuita, Limón, Costa Rica",services,Cahuita,Cahuita,unknown,9.679779,-82.77224,,,,
"Clinica Veterinaria Green Vet - Hone Creek, Limón, Costa Rica",services,Hone Creek,Gasolinera Hone Creek,services,9.658505,-82.798365,,,,
Clínica de Especialidades Médicas San Gabriel,services,Puerto Viejo,San Gabriel,services,9.655143,-82.753754,2750 0848,,,
Cocomar Comida Caribeña,restaurant,Puerto Viejo,Cocomar,restaurant,9.656947,-82.754743,,,,
Coconut Grove Apartamentos,vacation_rental,Puerto Viejo,Coconut Grove Cabinas,hotel,9.658709,-82.749331,,,,
"Colina Secreta - Playa Cocles, Puerto Viejo, Limón, Costa Rica",hotel,Cocles,Hotel Puerto Viejo,hotel,9.65715,-82.753454,,,,
"Colono Hone Creek - Hone Creek, Limón, Costa Rica",shopping,Hone Creek,Gasolinera Hone Creek,services,9.658505,-82.798365,,,,
Como En Mi Casa Art Cafe,restaurant,Puerto Viejo,Como en mi Casa,restaurant,9.65744,-82.754936,6069 6337,,comoenmicasacostarica@gmail.com,"Mo, We-Su 07:15-17:00"
Conga Boutique Hotel,hotel,Puerto Viejo,Hotel Blue Conga,hotel,9.656391,-82.745432,+506 2750 0681,http://www.hotelblueconga.com/,,
"Container House Cahuita - Cahuita, Limón, Costa Rica",hotel,Cahuita,Cahuita,unknown,9.679779,-82.77224,,,,
"Coral Vet - Cahuita, Limón, Costa Rica",services,Cahuita,Cahuita,unknown,9.679779,-82.77224,,,,
"Correos de CR - Playa Negra, Puerto Viejo, Limón, Costa Rica",services,Playa Negra,Calle Playa Negra,unknown,9.656424,-82.769348,,,,
Cosmos Puerto Viejo Tattoo,services,Puerto Viejo,Megasuper Puerto Viejo,shopping,9.655269,-82.754073,,,,
Da Lime Beach Club & Restaurant at Hotel Aguas Claras,,,Da Lime Beach Club & Restaurant,restaurant,9.644442,-82.719742,+50627500131,,,Mo-Su 11:00-17:00
"Da Lime Beach Club and Restaurant - Playa Chiquita, Puerto Viejo, Limón, Costa Rica",restaurant,Playa Chiquita,Escuela Playa Chiquita,services,9.637235,-82.707475,,,,
"Dano's Cabano - Playa Cocles, Puerto Viejo, Limón, Costa Rica",vacation_rental,Cocles,Hotel Puerto Viejo,hotel,9.65715,-82.753454,,,,
"David Valley Houses - Playa Cocles, Puerto Viejo, Limón, Costa Rica",vacation_rental,Cocles,Hotel Puerto Viejo,hotel,9.65715,-82.753454,,,,
De Gustibus Bakery,restaurant,Puerto Viejo,De Gustibus Panaderia,shopping,9.658842,-82.749971,,,,"Mo-Tu,Th-Su 06:45-18:00; We off"
DiTown Shop,shopping,Puerto Viejo,Ditown,restaurant,9.657063,-82.755454,,,,
Douglas Ville guest house,,,Angelika´s Guest House,hotel,9.643453,-82.719068,,,,
"Dragonfly Beach Retreat - Playa Punta Uva, Puerto Viejo, Limón, Costa Rica",vacation_rental,Punta Uva,Hotel Puerto Viejo,hotel,9.65715,-82.753454,,,,
"Ecolavacar del Caribe - Hone Creek, Limón, Costa Rica",services,Hone Creek,Frutas del Caribe,shopping,9.657584,-82.797997,,,,
Ecotourism and Conservation Association of Talamanca,tour_company,Puerto Viejo,Ecotourism and Conservation Association of Talamanca,tour_company,9.657182,-82.754297,,,,
"El Chante de Moncho - Playa Cocles, Puerto Viejo, Limón, Costa Rica",restaurant,Cocles,Hotel Puerto Viejo,hotel,9.65715,-82.753454,,,,
El Chilamate,,,Chilamate,hotel,9.653229,-82.7655,,,,
El Chilamate Holiday House,,,Chilamate,hotel,9.653229,-82.7655,,,,
El Clan Hostel,hostel,Puerto Viejo,El Clan,hotel,9.65726,-82.752268,,https://www.elclanhostel.com/en/,,
"El Colibri Rojo - Cahuita, Limón, Costa Rica",hotel,Cahuita,Cahuita,unknown,9.679779,-82.77224,,,,
El Diamante,shopping,Puerto Viejo,Diamante,shopping,9.657889,-82.752159,,,,
"El Duende Gourmet - Playa Chiquita, Puerto Viejo, Limón, Costa Rica",shopping,Playa Chiquita,El Duende Gourmet,restaurant,9.638751,-82.712693,,,,
"El Encanto Hotel - Cahuita, Limón, Costa Rica",hotel,Cahuita,Cahuita,unknown,9.679779,-82.77224,,,,
El Faro 13,hostel,Puerto Viejo,El Faro 13,hostel,9.656071,-82.747905,,,,
"El Jardin de Playa Negra - Playa Negra, Puerto Viejo, Limón, Costa Rica",vacation_rental,Playa Negra,Calle Playa Negra,unknown,9.656424,-82.769348,,,,
"El Nido Jungle Lodge - Playa Chiquita, Puerto Viejo, Limón, Costa Rica",hotel,Playa Chiquita,Escuela Playa Chiquita,services,9.637235,-82.707475,,,,
"El Pampa Asador - Playa Negra, Puerto Viejo, Limón, Costa Rica",restaurant,Playa Negra,Calle Playa Negra,unknown,9.656424,-82.769348,,,,
"El Puente-The Bridge - Playa Negra, Puerto Viejo, Limón, Costa Rica",services,Playa Negra,Calle Playa Negra,unknown,9.656424,-82.769348,,,,
"El Refugio Grill - Playa Punta Uva, Puerto Viejo, Limón, Costa Rica",restaurant,Punta Uva,Hotel Puerto Viejo,hotel,9.65715,-82.753454,,,,
"El Rincon Porteño - Playa Chiquita, Puerto Viejo, Limón, Costa Rica",restaurant,Playa Chiquita,Escuela Playa Chiquita,services,9.637235,-82.707475,,,,
El Sendero Beach Club,restaurant,Puerto Viejo,El Sendero,restaurant,9.658987,-82.750817,,,,
"El Sol del Caribe - Playa Cocles, Puerto Viejo, Limón, Costa Rica",restaurant,Cocles,Frutas del Caribe,shopping,9.657584,-82.797997,,,,
"El Tucán Feliz - Playa Cocles, Puerto Viejo, Limón, Costa Rica",vacation_rental,Cocles,Hotel Puerto Viejo,hotel,9.65715,-82.753454,,,,
Elena De Luca Studio,services,Puerto Viejo,Elena de Luca,unknown,9.656936,-82.755556,,,,
Escape Caribeño,hotel,Puerto Viejo,Escape Caribeño,hotel,9.658886,-82.748871,,,,
"Escondido Retreat - Playa Negra, Puerto Viejo, Limón, Costa Rica",vacation_rental,Playa Negra,Calle Playa Negra,unknown,9.656424,-82.769348,,,,
"Evia Life Resort - Playa Negra, Puerto Viejo, Limón, Costa Rica",vacation_rental,Playa Negra,Calle Playa Negra,unknown,9.656424,-82.769348,,,,
Farmacia Caribe,shopping,Puerto Viejo,Farmacia Caribe,services,9.656162,-82.755088,,,,
"Farmacia Don Manuel - Playa Cocles, Puerto Viejo, Limón, Costa Rica",shopping,Cocles,Hotel Puerto Viejo,hotel,9.65715,-82.753454,,,,
"Farmacia Quiribri Cahuita - Cahuita, Limón, Costa Rica",shopping,Cahuita,Cahuita,unknown,9.679779,-82.77224,,,,
"Farmacia San Gabriel - Cahuita, Limón, Costa Rica",shopping,Cahuita,San Gabriel,services,9.655143,-82.753754,2750 0848,,,
"FerreCocles - Playa Cocles, Puerto Viejo, Limón, Costa Rica",shopping,Cocles,Ferrecocles,shopping,9.644566,-82.729749,,,,
"Finca Don Litos - Hone Creek, Limón, Costa Rica",vacation_rental,Hone Creek,Gasolinera Hone Creek,services,9.658505,-82.798365,,,,
"Finca La Isla Botanical Garden - Playa Negra, Puerto Viejo, Limón, Costa Rica",tour_company,Playa Negra,Calle Playa Negra,unknown,9.656424,-82.769348,,,,
"Finca Tierra - Playa Cocles, Puerto Viejo, Limón, Costa Rica",tour_company,Cocles,Hotel Puerto Viejo,hotel,9.65715,-82.753454,,,,
"Finca Valeria Treehouses - Playa Cocles, Puerto Viejo, Limón, Costa Rica",vacation_rental,Cocles,Hotel Puerto Viejo,hotel,9.65715,-82.753454,,,,
Finca la Isla Permaculture Farm,,,"Finca la Isla Permaculture Farm, Plant Nursery and Botanical Garden",unknown,9.649766,-82.764096,,https://www.costaricaorganicsfarm.com/,,
"Flor de China - Playa Negra, Puerto Viejo, Limón, Costa Rica",shopping,Playa Negra,Calle Playa Negra,unknown,9.656424,-82.769348,,,,
"Flor del Caribe - Playa Cocles, Puerto Viejo, Limón, Costa Rica",vacation_rental,Cocles,Frutas del Caribe,shopping,9.657584,-82.797997,,,,
"Geckoes Lodge - Playa Cocles, Puerto Viejo, Limón, Costa Rica",vacation_rental,Cocles,Cocles,unknown,9.643783,-82.730561,,,,
Gelateria Deelite,restaurant,Puerto Viejo,Gelateria Deelite,restaurant,9.656512,-82.75582,,,,Mo-Fr 11:00-21:00; Sa-Su 11:00-22:00
"Gigi Beach - Playa Cocles, Puerto Viejo, Limón, Costa Rica",restaurant,Cocles,Hotel Puerto Viejo,hotel,9.65715,-82.753454,,,,
"Ginger and Cacao - Playa Punta Uva, Puerto Viejo, Limón, Costa Rica",vacation_rental,Punta Uva,Hotel Puerto Viejo,hotel,9.65715,-82.753454,,,,
"Goddess Garden - Cahuita, Limón, Costa Rica",hotel,Cahuita,Cahuita,unknown,9.679779,-82.77224,,,,
"Green Corner - Cahuita, Limón, Costa Rica",vacation_rental,Cahuita,Cahuita,unknown,9.679779,-82.77224,,,,
Green Jaguar Irish Gastro Pub,restaurant,Puerto Viejo,Green Jaguar,restaurant,9.6573,-82.752335,+506 6062 9988,,,Mo-Sa 07:00-23:00
"Green Jungle House - Playa Chiquita, Puerto Viejo, Limón, Costa Rica",hotel,Playa Chiquita,Escuela Playa Chiquita,services,9.637235,-82.707475,,,,
"Green Property Management - Playa Chiquita, Puerto Viejo, Limón, Costa Rica",real_estate,Playa Chiquita,Escuela Playa Chiquita,services,9.637235,-82.707475,,,,
"Green Water SUP Tours - Playa Punta Uva, Puerto Viejo, Limón, Costa Rica",tour_company,Punta Uva,Hotel Puerto Viejo,hotel,9.65715,-82.753454,,,,
Grow Beachfront Restaurant,restaurant,Puerto Viejo,Grow,restaurant,9.657844,-82.755249,,,,
"GypSea Café - Playa Chiquita, Puerto Viejo, Limón, Costa Rica",restaurant,Playa Chiquita,Escuela Playa Chiquita,services,9.637235,-82.707475,,,,
"Habitat Vacation Rentals - Playa Cocles, Puerto Viejo, Limón, Costa Rica",vacation_rental,Cocles,Hotel Puerto Viejo,hotel,9.65715,-82.753454,,,,
"Hakuna Matata Hostel - Cahuita, Limón, Costa Rica",hostel,Cahuita,Cahuita,unknown,9.679779,-82.77224,,,,
Harmony: Mini Casa Rodante by Aptos Casa Caribe,hotel,Puerto Viejo,Harmony: Mini Casa Rodante by Aptos Casa Caribe,hotel,9.650005,-82.76138,+506 8873 3707,https://www.aptocasacaribecr.com/,aptoscasacaribecr@gmail.com,
"Hidden Jungle Beach House - Playa Negra, Puerto Viejo, Limón, Costa Rica",hotel,Playa Negra,Calle Playa Negra,unknown,9.656424,-82.769348,,,,
"Hone Creek Clinic - Hone Creek, Limón, Costa Rica",services,Hone Creek,Gasolinera Hone Creek,services,9.658505,-82.798365,,,,
Hot Rocks,restaurant,Puerto Viejo,Hot Rocks Bar & Eats,restaurant,9.657571,-82.753972,,,,
"Hotel Aguas Claras - Playa Chiquita, Puerto Viejo, Limón, Costa Rica",hotel,Playa Chiquita,Hotel Puerto Viejo,hotel,9.65715,-82.753454,,,,
"Hotel Boutique D'Angelo - Manzanillo, Limón, Costa Rica",vacation_rental,Manzanillo,Exotic Boutique Hotel,hotel,9.658684,-82.749641,,,,
"Hotel Bugabutik - Playa Cocles, Puerto Viejo, Limón, Costa Rica",hotel,Cocles,Hotel Bugabutik,hotel,9.631335,-82.727975,,,,
"Hotel Cabinas Nadine - Cahuita, Limón, Costa Rica",vacation_rental,Cahuita,Cahuita,unknown,9.679779,-82.77224,,,,
Hotel Cariblue,hotel,Cocles,Hotel Cariblue,hotel,9.650407,-82.739459,2750-0035,https://www.cariblue.com/,,
"Hotel Hawa - Hone Creek, Limón, Costa Rica",hotel,Hone Creek,Gasolinera Hone Creek,services,9.658505,-82.798365,,,,
"Hotel Kasha - Playa Chiquita, Puerto Viejo, Limón, Costa Rica",hotel,Playa Chiquita,Hotel Puerto Viejo,hotel,9.65715,-82.753454,,,,
"Hotel La Diosa - Cahuita, Limón, Costa Rica",hotel,Cahuita,Cahuita,unknown,9.679779,-82.77224,,,,
"Hotel Los Cielos del Caribe - Cahuita, Limón, Costa Rica",vacation_rental,Cahuita,Hotel Terrazas del Caribe,hotel,9.648772,-82.740961,,,,
Hotel Los Sueños,hostel,Puerto Viejo,Hotel Los Sueños,hostel,9.65481,-82.755082,,www.hotellossuenos.com,,
"Hotel One Love - Playa Negra, Puerto Viejo, Limón, Costa Rica",hotel,Playa Negra,Calle Playa Negra,unknown,9.656424,-82.769348,,,,
Hotel Posada Nena,hotel,Puerto Viejo,Hotel Posada Nena,hotel,9.656703,-82.751329,27502064,https://www.posadanena.com/,,
Hotel Puerto Viejo,hostel,Puerto Viejo,Puerto Viejo Shops #2,unknown,9.655914,-82.754508,,,,
Hotel Pura Vida,hotel,Puerto Viejo,Vida,unknown,9.654907,-82.753661,,,,
Hotel Rustika Lodge,,,Hotel La Kukula Lodge,hotel,9.639367,-82.709286,,,,
Hotel Sunshine Caribe,hotel,Puerto Viejo,Hotel Terrazas del Caribe,hotel,9.648772,-82.740961,,,,
Hotel Villas y Glamping M&A,vacation_rental,Cocles,Hotel Villas y Glamping M&A,vacation_rental,9.634483,-82.739626,,,,
"Hungry Lion's Jamaican Restaurant - Cahuita, Limón, Costa Rica",restaurant,Cahuita,Cahuita,unknown,9.679779,-82.77224,,,,
Iglesia Cristiana Casa De Restauracion,,,Iglesia De Dios,unknown,9.655098,-82.797636,,,,
"Iguana Lodge - Playa Negra, Puerto Viejo, Limón, Costa Rica",hotel,Playa Negra,Calle Playa Negra,unknown,9.656424,-82.769348,,,,
"Il Fiore Rosso - Playa Cocles, Puerto Viejo, Limón, Costa Rica",restaurant,Cocles,Hotel Puerto Viejo,hotel,9.65715,-82.753454,,,,
Indalo Hotel Boutique,hotel,Puerto Viejo,Exotic Boutique Hotel,hotel,9.658684,-82.749641,,,,
"Indulgence Spa - Playa Cocles, Puerto Viejo, Limón, Costa Rica",services,Cocles,Hotel Puerto Viejo,hotel,9.65715,-82.753454,,,,
"Info Boutique - Cahuita, Limón, Costa Rica",shopping,Cahuita,Cahuita,unknown,9.679779,-82.77224,,,,
Interbus office,tour_company,Puerto Viejo,Interbus,shopping,9.656865,-82.755647,,,,08:00-18:00
"Jaguar Inn Bungalows - Playa Chiquita, Puerto Viejo, Limón, Costa Rica",hotel,Playa Chiquita,Escuela Playa Chiquita,services,9.637235,-82.707475,,,,
"Jaguar Rescue Center - Playa Chiquita, Puerto Viejo, Limón, Costa Rica",tour_company,Playa Chiquita,Escuela Playa Chiquita,services,9.637235,-82.707475,,,,
Johnny's Place,restaurant,Puerto Viejo,Johnny's Place,restaurant,9.65801,-82.755114,,,,
Jungle Air Parapente,shopping,Puerto Viejo,Jungle Air Parapente,shopping,9.657712,-82.755294,+506 8403 8717,,,
KOKi Beach,restaurant,Puerto Viejo,KoKi Beach,restaurant,9.657788,-82.752554,,,,
"Kaya's Place - Playa Negra, Puerto Viejo, Limón, Costa Rica",hotel,Playa Negra,Calle Playa Negra,unknown,9.656424,-82.769348,,,,
"Kenaki Lodge - Cahuita, Limón, Costa Rica",hotel,Cahuita,Cahuita,unknown,9.679779,-82.77224,,,,
"Kinkaju Tours - Hone Creek, Limón, Costa Rica",tour_company,Hone Creek,Gasolinera Hone Creek,services,9.658505,-82.798365,,,,
"Kona Wellness Shala - Playa Cocles, Puerto Viejo, Limón, Costa Rica",services,Cocles,Hotel Puerto Viejo,hotel,9.65715,-82.753454,,,,
La Caracola,,,La Caracola,hotel,9.643077,-82.723408,,,,
"La Casa Del Mango - Cahuita, Limón, Costa Rica",vacation_rental,Cahuita,Cahuita,unknown,9.679779,-82.77224,,,,
La Casa de Rolando,hotel,Puerto Viejo,Casa de la Cultura Marcus Garvey,unknown,9.657017,-82.754438,,,,
"La Casa de las Flores Hotel - Cahuita, Limón, Costa Rica",hotel,Cahuita,Cahuita,unknown,9.679779,-82.77224,,,,
"La Casa del Coral - Playa Cocles, Puerto Viejo, Limón, Costa Rica",services,Cocles,Cocles,unknown,9.643783,-82.730561,,,,
"La Casita de Cocles - Playa Cocles, Puerto Viejo, Limón, Costa Rica",vacation_rental,Cocles,Hotel Puerto Viejo,hotel,9.65715,-82.753454,,,,
La Casita de Monli,restaurant,Puerto Viejo,La Casita de Monli,restaurant,9.656709,-82.753483,,,,
"La Ceiba Nature Reserve - Playa Punta Uva, Puerto Viejo, Limón, Costa Rica",hotel,Punta Uva,Hotel Puerto Viejo,hotel,9.65715,-82.753454,,,,
"La Costa de Papito - Playa Cocles, Puerto Viejo, Limón, Costa Rica",hotel,Cocles,Hotel Puerto Viejo,hotel,9.65715,-82.753454,,,,
La Esquina Boruca Pizzeria,restaurant,Puerto Viejo,La Esquina Boruca,restaurant,9.657473,-82.753674,,,,
"La Finca Chica - Playa Cocles, Puerto Viejo, Limón, Costa Rica",vacation_rental,Cocles,Hotel Puerto Viejo,hotel,9.65715,-82.753454,,,,
"La Fundación Cahuita Playing for Change - Cahuita, Limón, Costa Rica",services,Cahuita,Cahuita,unknown,9.679779,-82.77224,,,,
"La Isla Inn - Playa Cocles, Puerto Viejo, Limón, Costa Rica",hotel,Cocles,Hotel Puerto Viejo,hotel,9.65715,-82.753454,,,,
"La Kukula Lodge - Playa Chiquita, Puerto Viejo, Limón, Costa Rica",hotel,Playa Chiquita,Escuela Playa Chiquita,services,9.637235,-82.707475,,,,
"La Leyenda de L'Antico Forno en El Establo de Bruce - Playa Chiquita, Puerto Viejo, Limón, Costa Rica",restaurant,Playa Chiquita,Escuela Playa Chiquita,services,9.637235,-82.707475,,,,
"La Magia Bungalows - Playa Cocles, Puerto Viejo, Limón, Costa Rica",hotel,Cocles,Hotel Puerto Viejo,hotel,9.65715,-82.753454,,,,
"La Nena - Playa Cocles, Puerto Viejo, Limón, Costa Rica",restaurant,Cocles,Hotel Puerto Viejo,hotel,9.65715,-82.753454,,,,
"La Paz del Caribe - Playa Cocles, Puerto Viejo, Limón, Costa Rica",hotel,Cocles,Frutas del Caribe,shopping,9.657584,-82.797997,,,,
La Pecora Nera Ristorante,,,Pecora nera,restaurant,9.643477,-82.729355,,,,
"La Perla del Caribe - Playa Cocles, Puerto Viejo, Limón, Costa Rica",vacation_rental,Cocles,Frutas del Caribe,shopping,9.657584,-82.797997,,,,
"La Prometida - Playa Negra, Puerto Viejo, Limón, Costa Rica",hotel,Playa Negra,Calle Playa Negra,unknown,9.656424,-82.769348,,,,
"La Rana De Cahuita - Cahuita, Limón, Costa Rica",vacation_rental,Cahuita,Cahuita,unknown,9.679779,-82.77224,,,,
"La Ruedita - Playa Chiquita, Puerto Viejo, Limón, Costa Rica",restaurant,Playa Chiquita,Escuela Playa Chiquita,services,9.637235,-82.707475,,,,
La Ruka Hostel,hostel,Puerto Viejo,La Ruka Hostel,hostel,9.657824,-82.747325,,,,
"La Shamana Ecolodge - Cahuita, Limón, Costa Rica",hotel,Cahuita,Cahuita,unknown,9.679779,-82.77224,,,,
La Tica y La Gata,hotel,Puerto Viejo,La Tica y la Gata,hotel,9.656987,-82.747095,,,,
La Tribu,hostel,Puerto Viejo,La Tribu - solo para mujeres,hostel,9.657644,-82.751663,,https://www.booking.com/Share-hIg8kn7,,
"Laboratorio Clínico Leysa - Playa Negra, Puerto Viejo, Limón, Costa Rica",services,Playa Negra,Calle Playa Negra,unknown,9.656424,-82.769348,,,,
"Lalola Villa - Cahuita, Limón, Costa Rica",vacation_rental,Cahuita,Cahuita,unknown,9.679779,-82.77224,,,,
"Lanna Ban Hotel - Playa Cocles, Puerto Viejo, Limón, Costa Rica",hotel,Cocles,Hotel Puerto Viejo,hotel,9.65715,-82.753454,,,,
Lapalapa Beach Front Hotel,hotel,Cocles,Lapalapa Beach Front Hotel,hotel,9.644676,-82.728239,+506 88178041,,,
"Las Casitas de Playa Negra - Playa Negra, Puerto Viejo, Limón, Costa Rica",vacation_rental,Playa Negra,Calle Playa Negra,unknown,9.656424,-82.769348,,,,
Las Mariposas,hotel,Playa Chiquita,Las Mariposas,hotel,9.644618,-82.71947,,https://www.facebook.com/CabinasLasMariposas,,
"Las Palomas - Playa Cocles, Puerto Viejo, Limón, Costa Rica",vacation_rental,Cocles,Hotel Puerto Viejo,hotel,9.65715,-82.753454,,,,
Le Cameleon Boutique Hotel,hotel,Cocles,Exotic Boutique Hotel,hotel,9.658684,-82.749641,,,,
"Le Caméléon - Playa Cocles, Puerto Viejo, Limón, Costa Rica",hotel,Cocles,Hotel Puerto Viejo,hotel,9.65715,-82.753454,,,,
Lidia's Place,restaurant,Puerto Viejo,Lidia's Place,restaurant,9.655989,-82.75214,,,,
"Lilan Nature - Cahuita, Limón, Costa Rica",vacation_rental,Cahuita,Cahuita,unknown,9.679779,-82.77224,,,,
Lizard King Hotel,hotel,Puerto Viejo,Lizard King Resort,unknown,9.658666,-82.751126,,https://lizardkinghotel.com/,,
"Lizzie 1872 - Playa Cocles, Puerto Viejo, Limón, Costa Rica",restaurant,Cocles,Hotel Puerto Viejo,hotel,9.65715,-82.753454,,,,
"Los Continentes - Playa Cocles, Puerto Viejo, Limón, Costa Rica",vacation_rental,Cocles,Hotel Puerto Viejo,hotel,9.65715,-82.753454,,,,
"Los Delfines Lodge - Playa Cocles, Puerto Viejo, Limón, Costa Rica",hotel,Cocles,Cocles,unknown,9.643783,-82.730561,,,,
"Los Proyectos Moderno - Playa Punta Uva, Puerto Viejo, Limón, Costa Rica",vacation_rental,Punta Uva,Hotel Puerto Viejo,hotel,9.65715,-82.753454,,,,
"Luna Caribeña Village - Playa Chiquita, Puerto Viejo, Limón, Costa Rica",vacation_rental,Playa Chiquita,Escuela Playa Chiquita,services,9.637235,-82.707475,,,,
Luna May,shopping,Puerto Viejo,Luna May,shopping,9.657141,-82.753918,,,,
"Madre Selva Jungle Hostel - Playa Cocles, Puerto Viejo, Limón, Costa Rica",hostel,Cocles,Hotel Puerto Viejo,hotel,9.65715,-82.753454,,,,
Madre Tierra,restaurant,Puerto Viejo,Madre Tierra,restaurant,9.657602,-82.755186,,,,
"Magic Moon Beach House - Playa Negra, Puerto Viejo, Limón, Costa Rica",vacation_rental,Playa Negra,Calle Playa Negra,unknown,9.656424,-82.769348,,,,
"Mar Verde Lodge - Playa Chiquita, Puerto Viejo, Limón, Costa Rica",hotel,Playa Chiquita,Escuela Playa Chiquita,services,9.637235,-82.707475,,,,
"Marfi Inn - Cahuita, Limón, Costa Rica",vacation_rental,Cahuita,Cahuita,unknown,9.679779,-82.77224,,,,
Maritza Hotel,hotel,Puerto Viejo,Hotel Maritza,hotel,9.656931,-82.755223,,,,
"Mecca - Playa Negra, Puerto Viejo, Limón, Costa Rica",hotel,Playa Negra,Calle Playa Negra,unknown,9.656424,-82.769348,,,,
Mercadito Puerto Viejo,shopping,Puerto Viejo,Megasuper Puerto Viejo,shopping,9.655269,-82.754073,,,,
"Mixta Comida y Cócteles - Playa Chiquita, Puerto Viejo, Limón, Costa Rica",restaurant,Playa Chiquita,Escuela Playa Chiquita,services,9.637235,-82.707475,,,,
"Mulata - Cahuita, Limón, Costa Rica",shopping,Cahuita,Cahuita,unknown,9.679779,-82.77224,,,,
Namu Garden Hotel & Spa,,,Umami Hotel Garden Spa,hotel,9.656036,-82.750977,,https://www.umamihotel.com/,,
Namu Garden Hotel and Spa,hotel,Puerto Viejo,Umami Hotel Garden Spa,hotel,9.656036,-82.750977,,https://www.umamihotel.com/,,
"Namuwoki Lodge - Playa Chiquita, Puerto Viejo, Limón, Costa Rica",hotel,Playa Chiquita,Escuela Playa Chiquita,services,9.637235,-82.707475,,,,
Namú Ecotienda Orgánica,shopping,Puerto Viejo,Namú ecotienda orgánica,shopping,9.655802,-82.754531,+50688862133,,namujabones@gmail.com,Mo-Fr 09:00-16:30; Sa 07:30-12:30
Nanku,restaurant,Puerto Viejo,Nanku,restaurant,9.657721,-82.754111,+506 88354041,,,
"New Caribe Point - Cahuita, Limón, Costa Rica",vacation_rental,Cahuita,Cahuita,unknown,9.679779,-82.77224,,,,
"Oasi Apartments - Cahuita, Limón, Costa Rica",vacation_rental,Cahuita,Cahuita,unknown,9.679779,-82.77224,,,,
Oasis Beachfront Hostel,hostel,Puerto Viejo,Oasis,vacation_rental,9.658849,-82.748678,,,,
"Ocean View Lodge Cahuita - Cahuita, Limón, Costa Rica",hotel,Cahuita,Cahuita,unknown,9.679779,-82.77224,,,,
"Ocean's Breeze Apartment and Rooms - Playa Cocles, Puerto Viejo, Limón, Costa Rica",vacation_rental,Cocles,Hotel Puerto Viejo,hotel,9.65715,-82.753454,,,,
Ocho Nani,restaurant,Puerto Viejo,Ocho Nani,restaurant,9.657605,-82.755279,,,,
"Octo Salon - Playa Chiquita, Puerto Viejo, Limón, Costa Rica",services,Playa Chiquita,Escuela Playa Chiquita,services,9.637235,-82.707475,,,,
Old Harbour Gym,services,Puerto Viejo,Super Old Harbour,shopping,9.655712,-82.755168,,,,
Old Harbour Supermarket,shopping,Puerto Viejo,Super Old Harbour,shopping,9.655712,-82.755168,,,,
"Olguita's Place - Playa Punta Uva, Puerto Viejo, Limón, Costa Rica",vacation_rental,Punta Uva,Hotel Puerto Viejo,hotel,9.65715,-82.753454,,,,
Olinca Boutique Hotel,hotel,Puerto Viejo,Exotic Boutique Hotel,hotel,9.658684,-82.749641,,,,
"Olivia del Caribe - Playa Negra, Puerto Viejo, Limón, Costa Rica",hotel,Playa Negra,Calle Playa Negra,unknown,9.656424,-82.769348,,,,
"Orgánico Punta Riel - Hone Creek, Limón, Costa Rica",hotel,Hone Creek,Gasolinera Hone Creek,services,9.658505,-82.798365,,,,
"Otra Vez - Playa Chiquita, Puerto Viejo, Limón, Costa Rica",restaurant,Playa Chiquita,Escuela Playa Chiquita,services,9.637235,-82.707475,,,,
"Our Beachfront Bungalow - Playa Punta Uva, Puerto Viejo, Limón, Costa Rica",vacation_rental,Punta Uva,Hotel Puerto Viejo,hotel,9.65715,-82.753454,,,,
PC Caribe Soluciones Informáticas,services,Puerto Viejo,PC Caribe Reparacion,shopping,9.656461,-82.755381,6018 0708,pccaribe.com,,
"Pachamama Jungle River Lodge - Playa Punta Uva, Puerto Viejo, Limón, Costa Rica",hotel,Punta Uva,Hotel Puerto Viejo,hotel,9.65715,-82.753454,,,,
Pagalu Hostel,hostel,Puerto Viejo,Pagalu Hostel,hostel,9.654906,-82.754401,,,,
"Pali Supermarket - Hone Creek, Limón, Costa Rica",shopping,Hone Creek,Gasolinera Hone Creek,services,9.658505,-82.798365,,,,
Pan Pay,restaurant,Puerto Viejo,Pan Pay,restaurant,9.657899,-82.754995,,,,
Panadería Francés,shopping,Cocles,Panadería Francés,shopping,9.644759,-82.728975,84983901,alain01barisy@gmail.com,,
"Papaya Wildlife Lodge - Cahuita, Limón, Costa Rica",vacation_rental,Cahuita,Cahuita,unknown,9.679779,-82.77224,,,,
Paradise Comida Caribeña,restaurant,Puerto Viejo,Cocomar Comida Caribeña,restaurant,9.6569,-82.754663,27503227,,,
"Passion Fruit Ecolodge - Cahuita, Limón, Costa Rica",hotel,Cahuita,Cahuita,unknown,9.679779,-82.77224,,,,
Paula's and Daniel's Homestay,hotel,Puerto Viejo,Paula's and Daniel's Homestay,hotel,9.656604,-82.744193,+50683044376,,,24/7
"Pecora Nera - Playa Cocles, Puerto Viejo, Limón, Costa Rica",restaurant,Cocles,Hotel Puerto Viejo,hotel,9.65715,-82.753454,,,,
"Perla Negra Beachfront - Playa Negra, Puerto Viejo, Limón, Costa Rica",hotel,Playa Negra,Calle Playa Negra,unknown,9.656424,-82.769348,,,,
"Physis Caribbean Bed & Breakfast - Playa Cocles, Puerto Viejo, Limón, Costa Rica",hotel,Cocles,Hotel Puerto Viejo,hotel,9.65715,-82.753454,,,,
"Pipa Lodge - Playa Cocles, Puerto Viejo, Limón, Costa Rica",hotel,Cocles,Cocles,unknown,9.643783,-82.730561,,,,
"Piscina Natural - Cahuita, Limón, Costa Rica",hotel,Cahuita,Cahuita,unknown,9.679779,-82.77224,,,,
"Pizzeria Cahuita - Cahuita, Limón, Costa Rica",restaurant,Cahuita,Cahuita,unknown,9.679779,-82.77224,,,,
"Pizzeria Pulcinella - Playa Chiquita, Puerto Viejo, Limón, Costa Rica",restaurant,Playa Chiquita,Escuela Playa Chiquita,services,9.637235,-82.707475,,,,
"Playa 506 - Playa Cocles, Puerto Viejo, Limón, Costa Rica",hostel,Cocles,Hotel Puerto Viejo,hotel,9.65715,-82.753454,,,,
"Playa Grande Lodge - Cahuita, Limón, Costa Rica",hotel,Cahuita,Playa Chiquita Lodge,hotel,9.639133,-82.710013,,,,
"Playa Negra Brewing - Playa Negra, Puerto Viejo, Limón, Costa Rica",restaurant,Playa Negra,Calle Playa Negra,unknown,9.656424,-82.769348,,,,
"Playa Negra Guesthouse - Cahuita, Limón, Costa Rica",hotel,Cahuita,Calle Playa Negra,unknown,9.656424,-82.769348,,,,
Port Vell,restaurant,Puerto Viejo,Port Vell,restaurant,9.656543,-82.755555,,,,
"Proyecto Educativo Semillas de Paz - Playa Chiquita, Puerto Viejo, Limón, Costa Rica",services,Playa Chiquita,Escuela Playa Chiquita,services,9.637235,-82.707475,,,,
Puerto Pirata,restaurant,Puerto Viejo,Puerto Pirata Tiki Bar & Restaurante,restaurant,9.657778,-82.755324,,,,
Puerto Viejo Bike Rentals,services,Puerto Viejo,Megasuper Puerto Viejo,shopping,9.655269,-82.754073,,,,
"Puerto Viejo Club - Playa Negra, Puerto Viejo, Limón, Costa Rica",vacation_rental,Playa Negra,Calle Playa Negra,unknown,9.656424,-82.769348,,,,
Puerto Viejo Dogs,services,Puerto Viejo,Megasuper Puerto Viejo,shopping,9.655269,-82.754073,,,,
Puerto Viejo Farmers and Artisans Market,shopping,Puerto Viejo,Hotel Puerto Viejo,hotel,9.65715,-82.753454,,,,
Puerto Viejo Golf Carts,tour_company,Puerto Viejo,Megasuper Puerto Viejo,shopping,9.655269,-82.754073,,,,
Puerto Viejo Multicentro,services,Puerto Viejo,Megasuper Puerto Viejo,shopping,9.655269,-82.754073,,,,
Puerto Viejo Pharmacy,shopping,Puerto Viejo,Megasuper Puerto Viejo,shopping,9.655269,-82.754073,,,,
"Puerto Viejo Police Station - Playa Negra, Puerto Viejo, Limón, Costa Rica",services,Playa Negra,Calle Playa Negra,unknown,9.656424,-82.769348,,,,
Puerto Viejo Police Town Station,services,Puerto Viejo,Megasuper Puerto Viejo,shopping,9.655269,-82.754073,,,,
"Punta Uva Dive Center - Playa Punta Uva, Puerto Viejo, Limón, Costa Rica",tour_company,Punta Uva,Hotel Puerto Viejo,hotel,9.65715,-82.753454,,,,
"Pura Bali Villas - Playa Chiquita, Puerto Viejo, Limón, Costa Rica",vacation_rental,Playa Chiquita,Escuela Playa Chiquita,services,9.637235,-82.707475,,,,
"Pura Gula Restaurant - Playa Chiquita, Puerto Viejo, Limón, Costa Rica",restaurant,Playa Chiquita,Escuela Playa Chiquita,services,9.637235,-82.707475,,,,
"Pura Ride by Ciclo Cocles - Playa Cocles, Puerto Viejo, Limón, Costa Rica",services,Cocles,Hotel Puerto Viejo,hotel,9.65715,-82.753454,,,,
"Pura Vida Vegana - Cahuita, Limón, Costa Rica",vacation_rental,Cahuita,Hotel Pura Vida,hotel,9.655339,-82.753301,+506 2750-0002,https://www.hotel-puravida.com/en/,info@hotel-puravida.com,Mo-Su 08:00-20:00
"Pure Love Liberation - Playa Cocles, Puerto Viejo, Limón, Costa Rica",services,Cocles,Hotel Puerto Viejo,hotel,9.65715,-82.753454,,,,
"Que Quilombo - Playa Chiquita, Puerto Viejo, Limón, Costa Rica",restaurant,Playa Chiquita,Escuela Playa Chiquita,services,9.637235,-82.707475,,,,
RISE Puerto Viejo,real_estate,Puerto Viejo,Megasuper Puerto Viejo,shopping,9.655269,-82.754073,,,,
"Rancho Tranquilo - Hone Creek, Limón, Costa Rica",hotel,Hone Creek,Gasolinera Hone Creek,services,9.658505,-82.798365,,,,
Red Monkey Liquor Store,shopping,Puerto Viejo,Red Monkey,shopping,9.65675,-82.754082,,,,
"Redfrogteam Guardianes de la Naturaleza - Bribri, Limón, Costa Rica",tour_company,Bribri,La Costa de Papito,restaurant,9.64974,-82.73665,,,,
Refugio de animales Jaguar,tour_company,Cocles,Refugio de animales Jaguar,tour_company,9.642092,-82.723224,+5062750-0710,https://www.jaguarrescue.foundation/,info@jaguarrescue.foundation,Mo-Sa 09:30-11:30
"Reggae Bar - Cahuita, Limón, Costa Rica",restaurant,Cahuita,Cahuita,unknown,9.679779,-82.77224,,,,
"Reggae Chill - Playa Cocles, Puerto Viejo, Limón, Costa Rica",restaurant,Cocles,Hotel Puerto Viejo,hotel,9.65715,-82.753454,,,,
"Relax Natural Village - Playa Cocles, Puerto Viejo, Limón, Costa Rica",hotel,Cocles,Hotel Puerto Viejo,hotel,9.65715,-82.753454,,,,
"Restaurante Bananas - Cahuita, Limón, Costa Rica",restaurant,Cahuita,Cahuita,unknown,9.679779,-82.77224,,,,
Restaurante Bar Tamara,restaurant,Puerto Viejo,Nema Bar Restaurante,restaurant,9.658552,-82.751706,,,,
Restaurante Cariblue,restaurant,Cocles,Restaurante Cariblue,restaurant,9.651425,-82.73828,,,,
Restaurante Nema,restaurant,Puerto Viejo,Nema Bar Restaurante,restaurant,9.658552,-82.751706,,,,
"Rhodes Island Cabinas - Cahuita, Limón, Costa Rica",hotel,Cahuita,Cahuita,unknown,9.679779,-82.77224,,,,
"Ride the Rainforest - Playa Chiquita, Puerto Viejo, Limón, Costa Rica",tour_company,Playa Chiquita,Escuela Playa Chiquita,services,9.637235,-82.707475,,,,
River Box Cocles,,,Cocles,unknown,9.643783,-82.730561,,,,
"Riverside Cabins and Houses - Cahuita, Limón, Costa Rica",hotel,Cahuita,Cahuita,unknown,9.679779,-82.77224,,,,
"Roberto's Restaurant and Tours - Cahuita, Limón, Costa Rica",restaurant,Cahuita,Cahuita,unknown,9.679779,-82.77224,,,,
Rocking J's Hostel,hostel,Puerto Viejo,Rocking J's,hotel,9.658067,-82.746095,,,,
Roly Caribbean Food,restaurant,Puerto Viejo,Joe Caribbean Food,restaurant,9.658187,-82.752059,,,,
Roots Family Hostel,hostel,Puerto Viejo,Roots,shopping,9.658441,-82.75177,,,,
Río Negro,restaurant,Cocles,Río Negro,restaurant,9.643908,-82.732086,+506 2750 0155,,,
Salsa Brava Beach Bar,restaurant,Puerto Viejo,Salsa Brava,restaurant,9.658909,-82.751041,,,,
"Samasati Yoga and Wellness Retreat - Hone Creek, Limón, Costa Rica",hotel,Hone Creek,Gasolinera Hone Creek,services,9.658505,-82.798365,,,,
Samoa Boutique,shopping,Puerto Viejo,Samoa,shopping,9.657469,-82.753016,,,,
"Saranda Hotel Boutique - Playa Negra, Puerto Viejo, Limón, Costa Rica",hotel,Playa Negra,Saranda,hotel,9.655242,-82.769025,,,,
"Satta Lodge - Playa Cocles, Puerto Viejo, Limón, Costa Rica",hotel,Cocles,Cocles,unknown,9.643783,-82.730561,,,,
"Secret Garden - Cahuita, Limón, Costa Rica",hostel,Cahuita,Cahuita,unknown,9.679779,-82.77224,,,,
"Selvin's Restaurant and Cabinas - Playa Punta Uva, Puerto Viejo, Limón, Costa Rica",restaurant,Punta Uva,Hotel Puerto Viejo,hotel,9.65715,-82.753454,,,,
"Servicentro Hone Creek - Hone Creek, Limón, Costa Rica",services,Hone Creek,Gasolinera Hone Creek,services,9.658505,-82.798365,,,,
"Shawandha Lodge - Playa Chiquita, Puerto Viejo, Limón, Costa Rica",hotel,Playa Chiquita,Shawandha Lodge,hotel,9.637485,-82.709738,,,,
"Sloth House 2 - Playa Negra, Puerto Viejo, Limón, Costa Rica",vacation_rental,Playa Negra,Puerto Viejo Shops #2,unknown,9.655914,-82.754508,,,,
"Sloth Sanctuary - Cahuita, Limón, Costa Rica",tour_company,Cahuita,Cahuita,unknown,9.679779,-82.77224,,,,
"Smile Jungle Hostel - Playa Cocles, Puerto Viejo, Limón, Costa Rica",hostel,Cocles,Hotel Puerto Viejo,hotel,9.65715,-82.753454,,,,
"Sobre las Olas by Gondwana - Cahuita, Limón, Costa Rica",restaurant,Cahuita,Cabinas Las Olas,hotel,9.658485,-82.750892,,,,
"Soda Kawe - Cahuita, Limón, Costa Rica",restaurant,Cahuita,Cahuita,unknown,9.679779,-82.77224,,,,
"Soda Playa Chiquita - Playa Chiquita, Puerto Viejo, Limón, Costa Rica",restaurant,Playa Chiquita,Escuela Playa Chiquita,services,9.637235,-82.707475,,,,
Soda Shekiná,restaurant,Puerto Viejo,Shekiná,restaurant,9.6548,-82.753968,,,,
"Sonora Jungle Retreat - Playa Negra, Puerto Viejo, Limón, Costa Rica",hotel,Playa Negra,Calle Playa Negra,unknown,9.656424,-82.769348,,,,
Soulsurfer,restaurant,Puerto Viejo,Soulsurfer,restaurant,9.656114,-82.75379,,,,Tu-Su 16:30-21:00
Spanish School Pura Vida,services,Puerto Viejo,Spanish School,services,9.655141,-82.753208,,,,
"Spicy Coconut - Playa Chiquita, Puerto Viejo, Limón, Costa Rica",restaurant,Playa Chiquita,Escuela Playa Chiquita,services,9.637235,-82.707475,,,,
"Sport Body Gym - Cahuita, Limón, Costa Rica",services,Cahuita,Cahuita,unknown,9.679779,-82.77224,,,,
Stashu's Con Fusion,restaurant,Puerto Viejo,Stashu‘s con fusion,restaurant,9.6569,-82.754178,+506 8385 6887,https://stashusconfusion.com/,,"Mo-Tu,Th-Su 16:30-22:00; We off"
"Suizo Loco Lodge - Cahuita, Limón, Costa Rica",hotel,Cahuita,Coco Loco Lodge,hotel,9.653152,-82.754441,,,,
"Sunshine Caribe - Playa Negra, Puerto Viejo, Limón, Costa Rica",hotel,Playa Negra,Calle Playa Negra,unknown,9.656424,-82.769348,,,,
"Super Banana Gourmet Market - Playa Negra, Puerto Viejo, Limón, Costa Rica",shopping,Playa Negra,Calle Playa Negra,unknown,9.656424,-82.769348,,,,
"Super Cocles - Playa Cocles, Puerto Viejo, Limón, Costa Rica",shopping,Cocles,Hotel Puerto Viejo,hotel,9.65715,-82.753454,,,,
"Super Negro Cahuita - Cahuita, Limón, Costa Rica",shopping,Cahuita,Super Negro,shopping,9.644247,-82.733147,,,,
"Super Negro Cocles - Playa Cocles, Puerto Viejo, Limón, Costa Rica",shopping,Cocles,Hotel Puerto Viejo,hotel,9.65715,-82.753454,,,,
"Super Negro Hone Creek - Hone Creek, Limón, Costa Rica",shopping,Hone Creek,Hone Creek,unknown,9.655125,-82.800143,,,,
"Super Punta Uva - Playa Punta Uva, Puerto Viejo, Limón, Costa Rica",shopping,Punta Uva,Hotel Puerto Viejo,hotel,9.65715,-82.753454,,,,
"Super SK - Playa Negra, Puerto Viejo, Limón, Costa Rica",shopping,Playa Negra,Calle Playa Negra,unknown,9.656424,-82.769348,,,,
"Super Vaz 2 - Cahuita, Limón, Costa Rica",shopping,Cahuita,Cahuita,unknown,9.679779,-82.77224,,,,
"Surf Meds Caribe - Playa Cocles, Puerto Viejo, Limón, Costa Rica",services,Cocles,Cocles,unknown,9.643783,-82.730561,,,,
"Surya Spa - Playa Cocles, Puerto Viejo, Limón, Costa Rica",services,Cocles,Hotel Puerto Viejo,hotel,9.65715,-82.753454,,,,
"Sushi Wave - Playa Cocles, Puerto Viejo, Limón, Costa Rica",restaurant,Cocles,Hotel Puerto Viejo,hotel,9.65715,-82.753454,,,,
Sweet Moments,restaurant,Puerto Viejo,Heladería Sweet Moments,restaurant,9.657016,-82.754061,,,,
"TKD Caribe - Cahuita, Limón, Costa Rica",services,Cahuita,Cahuita,unknown,9.679779,-82.77224,,,,
"Talamanca Chocolate - Playa Negra, Puerto Viejo, Limón, Costa Rica",tour_company,Playa Negra,Calle Playa Negra,unknown,9.656424,-82.769348,,,,
"Tasty Dayz Hostel - Playa Cocles, Puerto Viejo, Limón, Costa Rica",hostel,Cocles,Hotel Puerto Viejo,hotel,9.65715,-82.753454,,,,
"Tasty Waves Cantina - Playa Cocles, Puerto Viejo, Limón, Costa Rica",restaurant,Cocles,Hotel Puerto Viejo,hotel,9.65715,-82.753454,,,,
"Terrazas del Caribe - Playa Cocles, Puerto Viejo, Limón, Costa Rica",vacation_rental,Cocles,Hotel Terrazas del Caribe,hotel,9.648772,-82.740961,,,,
"The Mimosas Container Homes - Playa Negra, Puerto Viejo, Limón, Costa Rica",vacation_rental,Playa Negra,Calle Playa Negra,unknown,9.656424,-82.769348,,,,
The Point Smash Burgers,restaurant,Puerto Viejo,The Point,restaurant,9.654925,-82.765969,,,,
"Three Monkeys - Cahuita, Limón, Costa Rica",vacation_rental,Cahuita,Cahuita,unknown,9.679779,-82.77224,,,,
"Tico Surf and Skate - Playa Cocles, Puerto Viejo, Limón, Costa Rica",services,Cocles,Hotel Puerto Viejo,hotel,9.65715,-82.753454,,,,
Tienda Caribe,shopping,Puerto Viejo,Tienda Caribe,shopping,9.656416,-82.754159,,,,
Tienda del Mar,shopping,Puerto Viejo,Tienda del mar,shopping,9.657321,-82.753737,,,,
"Tierra de Suenos Lodge - Playa Chiquita, Puerto Viejo, Limón, Costa Rica",hotel,Playa Chiquita,Escuela Playa Chiquita,services,9.637235,-82.707475,,,,
"Topos Tree House - Cahuita, Limón, Costa Rica",vacation_rental,Cahuita,Cahuita,unknown,9.679779,-82.77224,,,,
Totem Hotel Resort & Restaurant,hotel,Cocles,Totem Hotel Resort & Restaurant,hotel,9.646242,-82.732222,2750-0758,http://www.totemhotel.com/es/,,
"Tourist Police - Cahuita, Limón, Costa Rica",services,Cahuita,Cahuita,unknown,9.679779,-82.77224,,,,
"Tree House Lodge - Playa Chiquita, Puerto Viejo, Limón, Costa Rica",hotel,Playa Chiquita,Escuela Playa Chiquita,services,9.637235,-82.707475,,,,
"Treevana - Playa Cocles, Puerto Viejo, Limón, Costa Rica",vacation_rental,Cocles,Hotel Puerto Viejo,hotel,9.65715,-82.753454,,,,
"Tres Lodge - Playa Chiquita, Puerto Viejo, Limón, Costa Rica",vacation_rental,Playa Chiquita,Escuela Playa Chiquita,services,9.637235,-82.707475,,,,
"Troy's Place - Cahuita, Limón, Costa Rica",vacation_rental,Cahuita,Cahuita,unknown,9.679779,-82.77224,,,,
Umami Hotel Garden Spa,hotel,Puerto Viejo,Umami Hotel Garden Spa,hotel,9.656036,-82.750977,,https://www.umamihotel.com/,,
"Up! House - Playa Chiquita, Puerto Viejo, Limón, Costa Rica",vacation_rental,Playa Chiquita,Escuela Playa Chiquita,services,9.637235,-82.707475,,,,
"Uva Blue Jungle Villas - Playa Chiquita, Puerto Viejo, Limón, Costa Rica",vacation_rental,Playa Chiquita,Escuela Playa Chiquita,services,9.637235,-82.707475,,,,
Value Mart Puerto Viejo,shopping,Puerto Viejo,Megasuper Puerto Viejo,shopping,9.655269,-82.754073,,,,
"Veronica's Place Cooking Class - Playa Cocles, Puerto Viejo, Limón, Costa Rica",services,Cocles,Hotel Puerto Viejo,hotel,9.65715,-82.753454,,,,
"Villa Abejita - Playa Negra, Puerto Viejo, Limón, Costa Rica",vacation_rental,Playa Negra,Calle Playa Negra,unknown,9.656424,-82.769348,,,,
"Villa Aragon - Playa Negra, Puerto Viejo, Limón, Costa Rica",vacation_rental,Playa Negra,Calle Playa Negra,unknown,9.656424,-82.769348,,,,
"Villa Aurora - Playa Cocles, Puerto Viejo, Limón, Costa Rica",vacation_rental,Cocles,Hotel Puerto Viejo,hotel,9.65715,-82.753454,,,,
Villa Bukë,hostel,Playa Negra,Villa Bukë,hostel,9.655161,-82.772054,,,,
"Villa Cabú - Playa Chiquita, Puerto Viejo, Limón, Costa Rica",vacation_rental,Playa Chiquita,Escuela Playa Chiquita,services,9.637235,-82.707475,,,,
"Villa Casa Azul y Arena Blanca Apartamentos - Playa Chiquita, Puerto Viejo, Limón, Costa Rica",vacation_rental,Playa Chiquita,Escuela Playa Chiquita,services,9.637235,-82.707475,,,,
"Villa Elita - Playa Cocles, Puerto Viejo, Limón, Costa Rica",vacation_rental,Cocles,Hotel Puerto Viejo,hotel,9.65715,-82.753454,,,,
"Villa Laurel - Playa Cocles, Puerto Viejo, Limón, Costa Rica",vacation_rental,Cocles,Hotel Puerto Viejo,hotel,9.65715,-82.753454,,,,
"Villa Mango - Cahuita, Limón, Costa Rica",vacation_rental,Cahuita,Cahuita,unknown,9.679779,-82.77224,,,,
"Villa Mena Apartments - Hone Creek, Limón, Costa Rica",hotel,Hone Creek,Gasolinera Hone Creek,services,9.658505,-82.798365,,,,
"Villa Rameen - Playa Cocles, Puerto Viejo, Limón, Costa Rica",vacation_rental,Cocles,Hotel Puerto Viejo,hotel,9.65715,-82.753454,,,,
"Villa Soleil et Paquerette - Playa Punta Uva, Puerto Viejo, Limón, Costa Rica",vacation_rental,Punta Uva,Hotel Puerto Viejo,hotel,9.65715,-82.753454,,,,
"Villa Wolaba - Playa Negra, Puerto Viejo, Limón, Costa Rica",vacation_rental,Playa Negra,Calle Playa Negra,unknown,9.656424,-82.769348,,,,
"Villa del Mar - Playa Chiquita, Puerto Viejo, Limón, Costa Rica",vacation_rental,Playa Chiquita,Escuela Playa Chiquita,services,9.637235,-82.707475,,,,
"Villa del Mito - Playa Negra, Puerto Viejo, Limón, Costa Rica",vacation_rental,Playa Negra,Calle Playa Negra,unknown,9.656424,-82.769348,,,,
"Villas Allen - Playa Negra, Puerto Viejo, Limón, Costa Rica",hotel,Playa Negra,Calle Playa Negra,unknown,9.656424,-82.769348,,,,
"Villas Ande - Playa Negra, Puerto Viejo, Limón, Costa Rica",vacation_rental,Playa Negra,Calle Playa Negra,unknown,9.656424,-82.769348,,,,
"Villas Banana Verde - Playa Negra, Puerto Viejo, Limón, Costa Rica",vacation_rental,Playa Negra,Calle Playa Negra,unknown,9.656424,-82.769348,,,,
"Villas Diwo - Hone Creek, Limón, Costa Rica",vacation_rental,Hone Creek,Hone Creek,unknown,9.655125,-82.800143,,,,
"Villas Itaita - Playa Punta Uva, Puerto Viejo, Limón, Costa Rica",vacation_rental,Punta Uva,Hotel Puerto Viejo,hotel,9.65715,-82.753454,,,,
"Villas Lomas del Caribe - Playa Cocles, Puerto Viejo, Limón, Costa Rica",vacation_rental,Cocles,Frutas del Caribe,shopping,9.657584,-82.797997,,,,
"Villas Luna Africana by Palmer - Playa Negra, Puerto Viejo, Limón, Costa Rica",vacation_rental,Playa Negra,Calle Playa Negra,unknown,9.656424,-82.769348,,,,
"Villas Mapache del Caribe - Playa Negra, Puerto Viejo, Limón, Costa Rica",vacation_rental,Playa Negra,Calle Playa Negra,unknown,9.656424,-82.769348,,,,
"Villas Piña - Playa Negra, Puerto Viejo, Limón, Costa Rica",vacation_rental,Playa Negra,Calle Playa Negra,unknown,9.656424,-82.769348,,,,
"Villas Roca del Caribe - Playa Negra, Puerto Viejo, Limón, Costa Rica",vacation_rental,Playa Negra,Calle Playa Negra,unknown,9.656424,-82.769348,,,,
"Villas Ríos del Caribe - Playa Negra, Puerto Viejo, Limón, Costa Rica",vacation_rental,Playa Negra,Calle Playa Negra,unknown,9.656424,-82.769348,,,,
"Villas Serenidad - Playa Negra, Puerto Viejo, Limón, Costa Rica",vacation_rental,Playa Negra,Calle Playa Negra,unknown,9.656424,-82.769348,,,,
"Villas de la Luz - Playa Negra, Puerto Viejo, Limón, Costa Rica",vacation_rental,Playa Negra,Calle Playa Negra,unknown,9.656424,-82.769348,,,,
"Villas del Caribe - Playa Chiquita, Puerto Viejo, Limón, Costa Rica",hotel,Playa Chiquita,Frutas del Caribe,shopping,9.657584,-82.797997,,,,
Vista Verde,hotel,Puerto Viejo,Hotel Vista Verde,unknown,9.657921,-82.748798,,,,
Vol'Air Dance Studio,services,Puerto Viejo,Vol‘Air,unknown,9.657494,-82.754469,,,,
"Wabi Sabi - Playa Punta Uva, Puerto Viejo, Limón, Costa Rica",vacation_rental,Punta Uva,Hotel Puerto Viejo,hotel,9.65715,-82.753454,,,,
Washboard,services,Puerto Viejo,Washboard,shopping,9.65852,-82.748392,,,,
"We Do Laundry - Hone Creek, Limón, Costa Rica",services,Hone Creek,Gasolinera Hone Creek,services,9.658505,-82.798365,,,,
"Wildlife Lodge Cahuita - Cahuita, Limón, Costa Rica",hotel,Cahuita,Cahuita,unknown,9.679779,-82.77224,,,,
"Yoshi's on the Beach - Playa Negra, Puerto Viejo, Limón, Costa Rica",vacation_rental,Playa Negra,Calle Playa Negra,unknown,9.656424,-82.769348,,,,
Yucca Beachfront Hotel,hotel,Puerto Viejo,Hotel Perla Negra Beachfront,hotel,9.657563,-82.771894,+506 8621 0247,https://www.booking.com/hotel/cr/perla-negra-beachfront-puerto-viejo.html,,
"Yuyo Huelal Totga - Playa Cocles, Puerto Viejo, Limón, Costa Rica",hostel,Cocles,Hotel Puerto Viejo,hotel,9.65715,-82.753454,,,,
"Zaika Bar & Grill - Playa Cocles, Puerto Viejo, Limón, Costa Rica",restaurant,Cocles,Hotel Puerto Viejo,hotel,9.65715,-82.753454,,,,
