left_name,left_area,left_category,left_cid,right_name,right_area,right_category,right_cid,name_similarity,distance_m,signals,signal_families,score,classification,left_phone,right_phone,left_whatsapp,right_whatsapp,left_instagram,right_instagram,left_website,right_website,decision,rationale
"Cariblue Beach and Jungle Resort - Playa Cocles, Puerto Viejo, Limón, Costa Rica",Cocles,hotel,14658668036585456092,Hotel Cariblue,Cocles,hotel,,0.348,142.4,whatsapp|instagram|website,3,9,strong,+50627500518,+50627500035,https://wa.me/50683141965,https://wa.me/50683141965,caribluehotel,caribluehotel,https://cariblue.com/,https://www.cariblue.com/,deterministic_merge,"Same hotel brand, WhatsApp, Instagram, and official website; alias is a generic CID-less hotel record."
"Cariblue Beach and Jungle Resort - Playa Cocles, Puerto Viejo, Limón, Costa Rica",Cocles,hotel,14658668036585456092,"Los Continentes - Playa Cocles, Puerto Viejo, Limón, Costa Rica",Cocles,vacation_rental,16195237219481974530,0.255,1599.6,whatsapp|instagram|website,3,9,strong,+50627500518,+50627599263,https://wa.me/50683141965,https://wa.me/50683141965,caribluehotel,,https://cariblue.com/,https://cariblue.com/,distinct_cids,"Separate Google Maps identities; shared signals indicate proximity, management, brand family, or related operations."
"Los Continentes - Playa Cocles, Puerto Viejo, Limón, Costa Rica",Cocles,vacation_rental,16195237219481974530,Hotel Cariblue,Cocles,hotel,,0.345,1634.0,whatsapp|instagram|website,3,9,strong,+50627599263,+50627500035,https://wa.me/50683141965,https://wa.me/50683141965,,caribluehotel,https://cariblue.com/,https://www.cariblue.com/,related_or_shared_contact,"Names/roles differ; shared contact, website, social account, or coordinates are insufficient to merge without matching identity evidence."
Río Negro,Cocles,restaurant,9366602319080449218,Rio Home,Playa Negra,restaurant,11653253983798852315,0.588,8.9,instagram|website|within_30m,3,9,strong,+50627500155,+85824000,,,,,https://www.casariocr.com/,https://www.casariocr.com/,distinct_cids,"Separate Google Maps identities; shared signals indicate proximity, management, brand family, or related operations."
"Jaguar Rescue Center - Playa Chiquita, Puerto Viejo, Limón, Costa Rica",Playa Chiquita,tour_company,9435208628058025334,Refugio de animales Jaguar,Cocles,tour_company,,0.261,27.9,phone|instagram|within_30m,3,8,strong,+50627500710,+50627500710,,,jaguarrescuecentercr,jaguarrescuecentercr,,https://www.jaguarrescue.foundation/,deterministic_merge,"Bilingual name variants share phone, Instagram, near-identical location, and organization identity; alias is CID-less."
Namu Garden Hotel and Spa,Puerto Viejo,hotel,18141110668997261824,Ka Namu,Playa Negra,restaurant,4776029185661119925,0.250,0.0,whatsapp|instagram|within_30m,3,8,strong,+50687896070,+89781035,+50687896070,https://wa.me/50687896070,namugardenhotelspa,,,http://www.namuhotelpuertoviejo.com/,distinct_cids,"Separate Google Maps identities; shared signals indicate proximity, management, brand family, or related operations."
Cabinas Talamanca,Puerto Viejo,hotel,1496101248030016772,"Cabinas Cable Talamanca - Playa Negra, Puerto Viejo, Limón, Costa Rica",Playa Negra,vacation_rental,7573981416846739723,0.850,1763.2,name>=0.82|phone|website,3,7,strong,+50627500425,+27500425,,,cabinastalamanca,cabinascabletalamancacr,http://www.cabinastalamanca.com/,http://www.cabinastalamanca.com/,distinct_cids,"Separate Google Maps identities; shared signals indicate proximity, management, brand family, or related operations."
Hotel Punta Cocles,Cocles,hotel,6544015151011886307,Playa Chiquita Paradise,Cocles,restaurant,911501752511410968,0.293,0.0,phone|website|within_30m,3,7,strong,83268355,83268355,,,,,https://uvabluevillas.com/en/4711180/check-availability,https://uvabluevillas.com/en/4711180/check-availability,distinct_cids,"Separate Google Maps identities; shared signals indicate proximity, management, brand family, or related operations."
"Green Water SUP Tours - Playa Punta Uva, Puerto Viejo, Limón, Costa Rica",Punta Uva,tour_company,14331531993444532415,"Punta Uva Dive Center - Playa Punta Uva, Puerto Viejo, Limón, Costa Rica",Punta Uva,tour_company,1382996174802571516,0.286,10.6,phone|whatsapp|within_30m,2,6,review,+50688444432,+50688444432,+50688444432,+50688444432,greenwater,puntacostarica,,https://www.tripadvisor.com/Attraction_Review-g1644063-d1846665-Reviews-Punta_Uva_Dive_Center-Manzanillo_Province_of_Limon.html,distinct_cids,"Separate Google Maps identities; shared signals indicate proximity, management, brand family, or related operations."
"Angler's Lair - Playa Chiquita, Puerto Viejo, Limón, Costa Rica",Playa Chiquita,vacation_rental,12754897163013733415,Shenanigans–Eat Drink Dink Drive,Cocles,restaurant,15407971963095007347,0.356,798.2,phone|website,2,5,review,+50689568669,+89568669,,,,,http://www.wahoovacations.com/,https://wahoovacations.com/shenanigans/,distinct_cids,"Separate Google Maps identities; shared signals indicate proximity, management, brand family, or related operations."
"Casa Margarita - Playa Cocles, Puerto Viejo, Limón, Costa Rica",Cocles,vacation_rental,3099661925276096610,"Casa Ambar - Playa Chiquita, Puerto Viejo, Limón, Costa Rica",Playa Chiquita,vacation_rental,18302181789419942285,0.667,2235.6,phone|website,2,5,review,+88392644,+88392644,,,casamargarita,casaambar,http://habitatpuertoviejo.com/,http://www.habitatpuertoviejo.com/#!ambar-ingles/c1q47,distinct_cids,"Separate Google Maps identities; shared signals indicate proximity, management, brand family, or related operations."
"Casa Margarita - Playa Cocles, Puerto Viejo, Limón, Costa Rica",Cocles,vacation_rental,3099661925276096610,"Habitat Vacation Rentals - Playa Cocles, Puerto Viejo, Limón, Costa Rica",Cocles,vacation_rental,5613050885601789841,0.211,151.0,phone|website,2,5,review,+88392644,+50688392644,,+50688392644,casamargarita,habitatpuertoviejo,http://habitatpuertoviejo.com/,http://habitatpuertoviejo.com/,distinct_cids,"Separate Google Maps identities; shared signals indicate proximity, management, brand family, or related operations."
Douglasville Guesthouse,Puerto Viejo,vacation_rental,,Douglas Ville guest house,Playa Negra,vacation_rental,16910935893526257108,0.958,34.0,name>=0.92|phone,2,5,review,+50688758494,+50688758494,+50688758494,,,,,,deterministic_merge,"Near-identical name, same phone, same lodging identity, and nearby coordinates; captured CID is transferred to the richer canonical record."
"Habitat Vacation Rentals - Playa Cocles, Puerto Viejo, Limón, Costa Rica",Cocles,vacation_rental,5613050885601789841,"Casa Ambar - Playa Chiquita, Puerto Viejo, Limón, Costa Rica",Playa Chiquita,vacation_rental,18302181789419942285,0.235,2368.9,phone|website,2,5,review,+50688392644,+88392644,+50688392644,,habitatpuertoviejo,casaambar,http://habitatpuertoviejo.com/,http://www.habitatpuertoviejo.com/#!ambar-ingles/c1q47,distinct_cids,"Separate Google Maps identities; shared signals indicate proximity, management, brand family, or related operations."
"Hotel Aguas Claras - Playa Chiquita, Puerto Viejo, Limón, Costa Rica",Playa Chiquita,hotel,5319096016576692772,"Da Lime Beach Club and Restaurant - Playa Chiquita, Puerto Viejo, Limón, Costa Rica",Playa Chiquita,restaurant,5875257995302760665,0.275,134.3,phone|website,2,5,review,+50627500131,+50627500131,,,hotelaguasclaras,dalime,https://www.hotelaguasclaras.com/,https://hotelaguasclaras.com/amenities/,distinct_cids,"Separate Google Maps identities; shared signals indicate proximity, management, brand family, or related operations."
Hotel Cariblue,Cocles,hotel,,Restaurante Cariblue,Cocles,restaurant,11076891351201890493,0.647,171.8,phone|website,2,5,review,+50627500035,+50627500035,https://wa.me/50683141965,,caribluehotel,restaurantecariblue,https://www.cariblue.com/,https://cariblue.com/service/restaurante/,related_or_shared_contact,"Names/roles differ; shared contact, website, social account, or coordinates are insufficient to merge without matching identity evidence."
"Le Caméléon - Playa Cocles, Puerto Viejo, Limón, Costa Rica",Cocles,hotel,4837747133838124638,Blue Dreams Hotel,Playa Negra,hotel,7864989313907649296,0.500,60.3,phone|website,2,5,review,+50627500501,+27500501,,,le_cr,,https://www.lecameleonhotel.com/,https://www.lecameleonhotel.com/,distinct_cids,"Separate Google Maps identities; shared signals indicate proximity, management, brand family, or related operations."
"Tasty Dayz Hostel - Playa Cocles, Puerto Viejo, Limón, Costa Rica",Cocles,hostel,8755282126859435083,"Tasty Waves Cantina - Playa Cocles, Puerto Viejo, Limón, Costa Rica",Cocles,restaurant,10844386752467925201,0.500,19.8,website|within_30m,2,5,review,+50627500128,+50627500507,+50684831022,+50683837663,tastydayz,tastywavescantina,https://www.tastydayz.com/,https://www.tastydayz.com/cantina,distinct_cids,"Separate Google Maps identities; shared signals indicate proximity, management, brand family, or related operations."
"Villa del Mar - Playa Chiquita, Puerto Viejo, Limón, Costa Rica",Playa Chiquita,vacation_rental,10974417683706909929,Hotel Punta Cocles,Cocles,hotel,6544015151011886307,0.258,1101.5,phone|website,2,5,review,+83268355,83268355,,,villadelmar,,https://uvabluevillas.com/en/4711180/check-availability,https://uvabluevillas.com/en/4711180/check-availability,distinct_cids,"Separate Google Maps identities; shared signals indicate proximity, management, brand family, or related operations."
"Villa del Mar - Playa Chiquita, Puerto Viejo, Limón, Costa Rica",Playa Chiquita,vacation_rental,10974417683706909929,Playa Chiquita Paradise,Cocles,restaurant,911501752511410968,0.333,1101.5,phone|website,2,5,review,+83268355,83268355,,,villadelmar,,https://uvabluevillas.com/en/4711180/check-availability,https://uvabluevillas.com/en/4711180/check-availability,distinct_cids,"Separate Google Maps identities; shared signals indicate proximity, management, brand family, or related operations."
Amimodo Beach Rooms,Puerto Viejo,hotel,5872176730909991811,Amimodo Restaurant,Puerto Viejo,restaurant,14941158757917200222,0.595,15.6,phone|within_30m,2,4,review,+50627500257,+50627500257,,,abr,,,,distinct_cids,"Separate Google Maps identities; shared signals indicate proximity, management, brand family, or related operations."
"Banana Azul - Playa Negra, Puerto Viejo, Limón, Costa Rica",Playa Negra,hotel,3301165288581347626,"Azul Bar and Grill - Playa Negra, Puerto Viejo, Limón, Costa Rica",Playa Negra,restaurant,2898935241958549311,0.276,16.2,phone|within_30m,2,4,review,+50627502035,+50627502035,,,,azulbarandgrill,,http://azulbeachclub.com/,distinct_cids,"Separate Google Maps identities; shared signals indicate proximity, management, brand family, or related operations."
Casa Badawi,Puerto Viejo,hotel,317666818352039671,Casa Trinidad,Puerto Viejo,hotel,15386546290359540673,0.583,27.7,phone|within_30m,2,4,review,+50687047926,+87047926,,,,,https://airbnb.co.cr/h/casabadawi,,distinct_cids,"Separate Google Maps identities; shared signals indicate proximity, management, brand family, or related operations."
"Casa Luce - Playa Negra, Puerto Viejo, Limón, Costa Rica",Playa Negra,hotel,17469621114106254322,Casa Miluca,Playa Negra,restaurant,,0.800,0.1,phone|within_30m,2,4,review,+50689536016,+89536016,+50689536016,,,,,,related_or_shared_contact,"Names/roles differ; shared contact, website, social account, or coordinates are insufficient to merge without matching identity evidence."
"Casa Rio Restaurant & Bar - Playa Cocles, Puerto Viejo, Limón, Costa Rica",Cocles,restaurant,4666775397025577928,Rio Home,Playa Negra,restaurant,11653253983798852315,0.323,2.7,phone|within_30m,2,4,review,+50685824000,+85824000,+50685824000,,,,https://www.tripadvisor.com/Restaurant_Review-g1212465-d10811089-Reviews-Pause_Cafe_Rio_Negro-Cocles_Puerto_Viejo_de_Talamanca_Province_of_Limon.html,https://www.casariocr.com/,distinct_cids,"Separate Google Maps identities; shared signals indicate proximity, management, brand family, or related operations."
"Casas del Caribe - Playa Chiquita, Puerto Viejo, Limón, Costa Rica",Playa Chiquita,vacation_rental,2489061038640189430,"Green Property Management - Playa Chiquita, Puerto Viejo, Limón, Costa Rica",Playa Chiquita,real_estate,8364214958693781126,0.195,4.2,phone|within_30m,2,4,review,+50627500437,+50627500437,,,casasdelcaribe,greenmanagementcr,,,distinct_cids,"Separate Google Maps identities; shared signals indicate proximity, management, brand family, or related operations."
Chile Rojo,Puerto Viejo,restaurant,2449275981368445735,Chili Rojo,Puerto Viejo,restaurant,,0.900,145.8,name>=0.82|phone,2,4,review,+50627500421,+50627500421,+50683963247,,,chili_cr,https://www.tripadvisor.com/Restaurant_Review-g309265-d1509837-Reviews-Chile_Rojo-Puerto_Viejo_de_Talamanca_Province_of_Limon.html,https://www.tripadvisor.com/Restaurant_Review-g309265-d1509837-Reviews-Chile_Rojo-Puerto_Viejo_de_Talamanca_Province_of_Limon.html,deterministic_merge,Spelling variants share phone and identical TripAdvisor identity; the richer CID-bearing record is canonical.
Clínica de Especialidades Médicas San Gabriel,Puerto Viejo,services,13864196564288057579,Taller Gabriel,Puerto Viejo,shopping,7243082637502018565,0.373,19.2,phone|within_30m,2,4,review,+50627500848,27500848,+50688708029,,clnica_de_especialidades_mdicas_san_gabriel_cr,,,https://www.clinicasangabriel.net/,distinct_cids,"Separate Google Maps identities; shared signals indicate proximity, management, brand family, or related operations."
"Green Jungle House - Playa Chiquita, Puerto Viejo, Limón, Costa Rica",Playa Chiquita,hotel,10566257576749882719,"Ceibo Adventure - Playa Chiquita, Puerto Viejo, Limón, Costa Rica",Playa Chiquita,tour_company,,0.121,23.8,phone|within_30m,2,4,review,+50684753859,+50684753859,+50684753859,,greenjunglehouse,,,https://www.tripadvisor.ca/Attraction_Review-g309265-d25227055-Reviews-Ceibo_Adventure_Caribe-Puerto_Viejo_de_Talamanca_Province_of_Limon.html,related_or_shared_contact,"Names/roles differ; shared contact, website, social account, or coordinates are insufficient to merge without matching identity evidence."
"Jaguar Inn Bungalows - Playa Chiquita, Puerto Viejo, Limón, Costa Rica",Playa Chiquita,hotel,4375569377161762321,"Jaguar Rescue Center - Playa Chiquita, Puerto Viejo, Limón, Costa Rica",Playa Chiquita,tour_company,9435208628058025334,0.400,12.3,phone|within_30m,2,4,review,+50627500710,+50627500710,,,jaguarinnbungalowscr,jaguarrescuecentercr,,,distinct_cids,"Separate Google Maps identities; shared signals indicate proximity, management, brand family, or related operations."
"La Ceiba Nature Reserve - Playa Punta Uva, Puerto Viejo, Limón, Costa Rica",Punta Uva,hotel,,"La Casita de Cocles - Playa Cocles, Puerto Viejo, Limón, Costa Rica",Cocles,vacation_rental,16930291155158825297,0.524,4481.9,instagram,1,4,review,+50627500710,,,,la_cr,la_cr,,,related_or_shared_contact,"Names/roles differ; shared contact, website, social account, or coordinates are insufficient to merge without matching identity evidence."
"La Costa de Papito - Playa Cocles, Puerto Viejo, Limón, Costa Rica",Cocles,hotel,15457918864809997738,"La Casita de Cocles - Playa Cocles, Puerto Viejo, Limón, Costa Rica",Cocles,vacation_rental,16930291155158825297,0.649,758.4,instagram,1,4,review,+50627500080,,,,la_cr,la_cr,,,distinct_cids,"Separate Google Maps identities; shared signals indicate proximity, management, brand family, or related operations."
"La Costa de Papito - Playa Cocles, Puerto Viejo, Limón, Costa Rica",Cocles,hotel,15457918864809997738,"La Ceiba Nature Reserve - Playa Punta Uva, Puerto Viejo, Limón, Costa Rica",Punta Uva,hotel,,0.390,5233.6,instagram,1,4,review,+50627500080,+50627500710,,,la_cr,la_cr,,,related_or_shared_contact,"Names/roles differ; shared contact, website, social account, or coordinates are insufficient to merge without matching identity evidence."
"La Costa de Papito - Playa Cocles, Puerto Viejo, Limón, Costa Rica",Cocles,hotel,15457918864809997738,"La Magia Bungalows - Playa Cocles, Puerto Viejo, Limón, Costa Rica",Cocles,hotel,8216271918783135936,0.389,1188.6,instagram,1,4,review,+50627500080,+50627503122,,,la_cr,la_cr,,,distinct_cids,"Separate Google Maps identities; shared signals indicate proximity, management, brand family, or related operations."
"La Magia Bungalows - Playa Cocles, Puerto Viejo, Limón, Costa Rica",Cocles,hotel,8216271918783135936,"La Casita de Cocles - Playa Cocles, Puerto Viejo, Limón, Costa Rica",Cocles,vacation_rental,16930291155158825297,0.486,694.4,instagram,1,4,review,+50627503122,,,,la_cr,la_cr,,,distinct_cids,"Separate Google Maps identities; shared signals indicate proximity, management, brand family, or related operations."
"La Magia Bungalows - Playa Cocles, Puerto Viejo, Limón, Costa Rica",Cocles,hotel,8216271918783135936,"La Ceiba Nature Reserve - Playa Punta Uva, Puerto Viejo, Limón, Costa Rica",Punta Uva,hotel,,0.390,4396.6,instagram,1,4,review,+50627503122,+50627500710,,,la_cr,la_cr,,,related_or_shared_contact,"Names/roles differ; shared contact, website, social account, or coordinates are insufficient to merge without matching identity evidence."
Nanku,Puerto Viejo,restaurant,8398495366730310888,Green Jaguar Irish Gastro Pub,Puerto Viejo,restaurant,14220452903198803816,0.176,216.8,phone|whatsapp,1,4,review,+50688354041,+50688354041,+50688354041,+50688354041,nanku.puertoviejo,,,,distinct_cids,"Separate Google Maps identities; shared signals indicate proximity, management, brand family, or related operations."
The Amazing Treehouse and Nature,Playa Negra,restaurant,11842476449595104705,"Nature Observatorio - Manzanillo, Limón, Costa Rica",Manzanillo,tour_company,315450376753766927,0.235,,phone|whatsapp,1,4,review,+86282663,+50686282663,https://api.whatsapp.com/send?phone=12133143400,wa.me/12133143400,,natureobservatorio,http://www.natureobservatorio.com/,https://www.tripadvisor.com/Attraction_Review-g1644063-d1880685-Reviews-Nature_Observatorio-Manzanillo_Province_of_Limon.html,distinct_cids,"Separate Google Maps identities; shared signals indicate proximity, management, brand family, or related operations."
"Villa Abejita - Playa Negra, Puerto Viejo, Limón, Costa Rica",Playa Negra,vacation_rental,17566723912022559610,"Villa del Mito - Playa Negra, Puerto Viejo, Limón, Costa Rica",Playa Negra,vacation_rental,3772885646337615062,0.667,184.2,phone|whatsapp,1,4,review,+50664614110,+50664614110,+50664614110,+50664614110,villaabejita,mito,https://www.decolar.com/hoteis/h-6215541,,distinct_cids,"Separate Google Maps identities; shared signals indicate proximity, management, brand family, or related operations."
"Villa Laurel - Playa Cocles, Puerto Viejo, Limón, Costa Rica",Cocles,vacation_rental,,"Uva Blue Jungle Villas - Playa Chiquita, Puerto Viejo, Limón, Costa Rica",Playa Chiquita,vacation_rental,9838950680602433731,0.294,1774.8,instagram,1,4,review,+50684803667,+50627599340,,+50688689418,,uvabluevillas,,,related_or_shared_contact,"Names/roles differ; shared contact, website, social account, or coordinates are insufficient to merge without matching identity evidence."
"Cariblue Beach and Jungle Resort - Playa Cocles, Puerto Viejo, Limón, Costa Rica",Cocles,hotel,14658668036585456092,Restaurante Cariblue,Cocles,restaurant,11076891351201890493,0.308,30.2,website,1,3,shared_signal,+50627500518,+50627500035,https://wa.me/50683141965,,caribluehotel,restaurantecariblue,https://cariblue.com/,https://cariblue.com/service/restaurante/,distinct_cids,"Separate Google Maps identities; shared signals indicate proximity, management, brand family, or related operations."
Casa Chilamate Day House,Playa Negra,restaurant,9842399411646961220,Casa Pallaita,Playa Negra,restaurant,12261963239237230570,0.432,1553.4,website,1,3,shared_signal,+84629244,,,,casachilamatedayhouse,,https://br.bluepillow.com/search/64861e527f7e24c192301f96?dest=bkng&cat=House&lat=9.75005&lng=-82.88442&language=pt,https://br.bluepillow.com/search/627d265ddf4f49af9b34a708?dest=bkng&cat=House&lat=9.64945&lng=-82.7518&language=pt,distinct_cids,"Separate Google Maps identities; shared signals indicate proximity, management, brand family, or related operations."
"Casa Cielo - Playa Punta Uva, Puerto Viejo, Limón, Costa Rica",Punta Uva,vacation_rental,6374413444850813378,"Happy House Manzanillo - Manzanillo, Limón, Costa Rica",Manzanillo,vacation_rental,7613918281459191152,0.375,,website,1,3,shared_signal,,,,,casacielo,happyhousecostarica,https://vrbo.com/affiliate/BxWlArK,https://vrbo.com/affiliate/pWzjiFo,distinct_cids,"Separate Google Maps identities; shared signals indicate proximity, management, brand family, or related operations."
Casa Dolce Vita,Puerto Viejo,hotel,1282335974102907594,"Las Casitas de Playa Negra - Playa Negra, Puerto Viejo, Limón, Costa Rica",Playa Negra,vacation_rental,8689012956679917112,0.293,998.2,website,1,3,shared_signal,+50627500207,+50684088144,,+50684088144,casadolcevita,lascasitas,http://hoteldetail.eu/cabinas-casa-dolce-vita,http://hoteldetail.eu/las-casitas-de-playa-negra,distinct_cids,"Separate Google Maps identities; shared signals indicate proximity, management, brand family, or related operations."
"Casa Mariposa - Playa Cocles, Puerto Viejo, Limón, Costa Rica",Cocles,vacation_rental,8900920815586328050,"Casa Cielo - Playa Punta Uva, Puerto Viejo, Limón, Costa Rica",Punta Uva,vacation_rental,6374413444850813378,0.609,3293.0,website,1,3,shared_signal,,,,,casamariposa,casacielo,https://vrbo.com/affiliate/4rIZLYi,https://vrbo.com/affiliate/BxWlArK,distinct_cids,"Separate Google Maps identities; shared signals indicate proximity, management, brand family, or related operations."
"Casa Mariposa - Playa Cocles, Puerto Viejo, Limón, Costa Rica",Cocles,vacation_rental,8900920815586328050,"Happy House Manzanillo - Manzanillo, Limón, Costa Rica",Manzanillo,vacation_rental,7613918281459191152,0.400,,website,1,3,shared_signal,,,,,casamariposa,happyhousecostarica,https://vrbo.com/affiliate/4rIZLYi,https://vrbo.com/affiliate/pWzjiFo,distinct_cids,"Separate Google Maps identities; shared signals indicate proximity, management, brand family, or related operations."
"Casa Mariposa - Playa Cocles, Puerto Viejo, Limón, Costa Rica",Cocles,vacation_rental,8900920815586328050,"Villa Cabú - Playa Chiquita, Puerto Viejo, Limón, Costa Rica",Playa Chiquita,vacation_rental,2579895199015686682,0.174,2244.4,website,1,3,shared_signal,,,,,casamariposa,villacab,https://vrbo.com/affiliate/4rIZLYi,https://vrbo.com/affiliate/SHXg7os,distinct_cids,"Separate Google Maps identities; shared signals indicate proximity, management, brand family, or related operations."
"Los Continentes - Playa Cocles, Puerto Viejo, Limón, Costa Rica",Cocles,vacation_rental,16195237219481974530,Restaurante Cariblue,Cocles,restaurant,11076891351201890493,0.286,1586.7,website,1,3,shared_signal,+50627599263,+50627500035,https://wa.me/50683141965,,,restaurantecariblue,https://cariblue.com/,https://cariblue.com/service/restaurante/,distinct_cids,"Separate Google Maps identities; shared signals indicate proximity, management, brand family, or related operations."
Shenanigans–Eat Drink Dink Drive,Cocles,restaurant,15407971963095007347,Shenanigans–Fat Drink Dink Drive,Playa Negra,restaurant,1386465364860297778,0.969,6408.0,name>=0.92,1,3,shared_signal,+89568669,,,,,,https://wahoovacations.com/shenanigans/,,distinct_cids,"Separate Google Maps identities; shared signals indicate proximity, management, brand family, or related operations."
"Villa Cabú - Playa Chiquita, Puerto Viejo, Limón, Costa Rica",Playa Chiquita,vacation_rental,2579895199015686682,"Casa Cielo - Playa Punta Uva, Puerto Viejo, Limón, Costa Rica",Punta Uva,vacation_rental,6374413444850813378,0.300,1155.5,website,1,3,shared_signal,,,,,villacab,casacielo,https://vrbo.com/affiliate/SHXg7os,https://vrbo.com/affiliate/BxWlArK,distinct_cids,"Separate Google Maps identities; shared signals indicate proximity, management, brand family, or related operations."
"Villa Cabú - Playa Chiquita, Puerto Viejo, Limón, Costa Rica",Playa Chiquita,vacation_rental,2579895199015686682,"Happy House Manzanillo - Manzanillo, Limón, Costa Rica",Manzanillo,vacation_rental,7613918281459191152,0.188,,website,1,3,shared_signal,,,,,villacab,happyhousecostarica,https://vrbo.com/affiliate/SHXg7os,https://vrbo.com/affiliate/pWzjiFo,distinct_cids,"Separate Google Maps identities; shared signals indicate proximity, management, brand family, or related operations."
"Angler's Lair - Playa Chiquita, Puerto Viejo, Limón, Costa Rica",Playa Chiquita,vacation_rental,12754897163013733415,"Chiquita Escondida - Playa Chiquita, Puerto Viejo, Limón, Costa Rica",Playa Chiquita,vacation_rental,5961957804184993948,0.194,1194.7,phone,1,2,shared_signal,+50689568669,+50689568669,,,,chiquitaescondida,http://www.wahoovacations.com/,,distinct_cids,"Separate Google Maps identities; shared signals indicate proximity, management, brand family, or related operations."
"Azania Bungalows - Playa Cocles, Puerto Viejo, Limón, Costa Rica",Cocles,hotel,1284571712904930160,"La Magia Bungalows - Playa Cocles, Puerto Viejo, Limón, Costa Rica",Cocles,hotel,8216271918783135936,0.824,1303.0,name>=0.82,1,2,shared_signal,+50627500540,+50627503122,,,,la_cr,,,distinct_cids,"Separate Google Maps identities; shared signals indicate proximity, management, brand family, or related operations."
Bambu Store,Puerto Viejo,shopping,3007132759593543579,Passion Fruit Store,Puerto Viejo,shopping,3589518174440329979,0.533,22.5,within_30m,1,2,shared_signal,+50627500211,+50661794448,,+50661794448,,,,,distinct_cids,"Separate Google Maps identities; shared signals indicate proximity, management, brand family, or related operations."
"Banana Azul - Playa Negra, Puerto Viejo, Limón, Costa Rica",Playa Negra,hotel,3301165288581347626,"Caripro Apartments - Playa Negra, Puerto Viejo, Limón, Costa Rica",Playa Negra,vacation_rental,265902149135749003,0.207,796.5,phone,1,2,shared_signal,+50627502035,+50627502035,,+50662895968,,caripro,,,distinct_cids,"Separate Google Maps identities; shared signals indicate proximity, management, brand family, or related operations."
"Banana Azul - Playa Negra, Puerto Viejo, Limón, Costa Rica",Playa Negra,hotel,3301165288581347626,"Villas Banana Verde - Playa Negra, Puerto Viejo, Limón, Costa Rica",Playa Negra,vacation_rental,3491417544238941664,0.467,99.4,phone,1,2,shared_signal,+50627502035,+50627502035,,,,,,https://www.bananaazul.com/rooms?utm_source=google-mybusiness&utm_medium=direct-link&utm_campaign=g-mybusiness&utm_id=g-mybusiness,distinct_cids,"Separate Google Maps identities; shared signals indicate proximity, management, brand family, or related operations."
Best Travel Puerto Viejo,Puerto Viejo,tour_company,15210314141344220556,RISE Puerto Viejo,Puerto Viejo,real_estate,10602615161199468109,0.683,26.4,within_30m,1,2,shared_signal,+50622380739,+50683667578,,https://api.whatsapp.com/send?phone=50664614110,besttravelpuertoviejo,,,http://risecaribe.com/,distinct_cids,"Separate Google Maps identities; shared signals indicate proximity, management, brand family, or related operations."
"Big Tree Wildlife Refuge - Playa Punta Uva, Puerto Viejo, Limón, Costa Rica",Punta Uva,vacation_rental,5233367816302543964,Finca Las Hormigas,Punta Uva,hotel,10843005590817162391,0.095,4869.9,phone,1,2,shared_signal,+50688799191,88799191,,,bigtree.costarica,,,http://www.fincalashormigas.com/,distinct_cids,"Separate Google Maps identities; shared signals indicate proximity, management, brand family, or related operations."
Bio Mercado Puerto Viejo,Puerto Viejo,shopping,2440760117286550342,Mercadito Puerto Viejo,Puerto Viejo,shopping,11042023153703264759,0.870,702.5,name>=0.82,1,2,shared_signal,+50627503224,+50670920208,,,,mercadito1_pv,,,distinct_cids,"Separate Google Maps identities; shared signals indicate proximity, management, brand family, or related operations."
"Cabinas Algebra - Cahuita, Limón, Costa Rica",Cahuita,hotel,17217032978777865192,"Restaurante Bananas - Cahuita, Limón, Costa Rica",Cahuita,restaurant,3265602198018337523,0.294,,phone,1,2,shared_signal,+50627550057,+50627550057,,,algebra,,,,distinct_cids,"Separate Google Maps identities; shared signals indicate proximity, management, brand family, or related operations."
"Cabinas Kinawe - Hone Creek, Limón, Costa Rica",Hone Creek,hotel,5826733614696332728,"Villas Diwo - Hone Creek, Limón, Costa Rica",Hone Creek,vacation_rental,5114266921704520486,0.840,245.2,name>=0.82,1,2,shared_signal,+50627568476,+50686854500,,,kinawe_cabinas,villasdiwo,,,distinct_cids,"Separate Google Maps identities; shared signals indicate proximity, management, brand family, or related operations."
Cacao Huasi,Puerto Viejo,restaurant,1242408439996904931,"Talamanca Chocolate - Playa Negra, Puerto Viejo, Limón, Costa Rica",Playa Negra,tour_company,,0.267,1240.0,phone,1,2,shared_signal,+50689109318,+50689109318,,+50689109318,cacaohuasi,,,,not_duplicate_single_signal,Only one weak or fuzzy signal; names and available identity evidence do not establish the same entity.
Cafe Viejo,Puerto Viejo,restaurant,16024433122991526617,RISE Puerto Viejo,Puerto Viejo,real_estate,10602615161199468109,0.519,11.3,within_30m,1,2,shared_signal,+50627500817,+50683667578,,https://api.whatsapp.com/send?phone=50664614110,cafeviejo_cr,,https://www.tripadvisor.com/Restaurant_Review-g309265-d3850728-Reviews-Cafe_Viejo_Restaurante_Pizzeria-Puerto_Viejo_de_Talamanca_Province_of_Limon.html,http://risecaribe.com/,distinct_cids,"Separate Google Maps identities; shared signals indicate proximity, management, brand family, or related operations."
Cafe Viejo,Puerto Viejo,restaurant,16024433122991526617,Value Mart Puerto Viejo,Puerto Viejo,shopping,722254835360302817,0.485,24.0,within_30m,1,2,shared_signal,+50627500817,+50627502160,,,cafeviejo_cr,valuemartcr,https://www.tripadvisor.com/Restaurant_Review-g309265-d3850728-Reviews-Cafe_Viejo_Restaurante_Pizzeria-Puerto_Viejo_de_Talamanca_Province_of_Limon.html,,distinct_cids,"Separate Google Maps identities; shared signals indicate proximity, management, brand family, or related operations."
"Cahuita Inn - Cahuita, Limón, Costa Rica",Cahuita,hotel,11302666839265256136,"Pizzeria Cahuita - Cahuita, Limón, Costa Rica",Cahuita,restaurant,640877045685360336,0.519,,phone,1,2,shared_signal,+50627550179,+50627550179,,,,pizzeriacahuita,,,distinct_cids,"Separate Google Maps identities; shared signals indicate proximity, management, brand family, or related operations."
Caribbean Comfort,Puerto Viejo,vacation_rental,9201616901711710091,"Caribbean Coconut - Cahuita, Limón, Costa Rica",Cahuita,hotel,12085822181071781545,0.824,,name>=0.82,1,2,shared_signal,+50688885223,+50686732557,+50688885223,,caribbeancomfort,,,,distinct_cids,"Separate Google Maps identities; shared signals indicate proximity, management, brand family, or related operations."
"Cariblue Beach and Jungle Resort - Playa Cocles, Puerto Viejo, Limón, Costa Rica",Cocles,hotel,14658668036585456092,"Beach Break Restaurant - Playa Cocles, Puerto Viejo, Limón, Costa Rica",Cocles,restaurant,10536491158093405826,0.481,22.4,within_30m,1,2,shared_signal,+50627500518,+50683040043,https://wa.me/50683141965,,caribluehotel,beachbreak_cocles,https://cariblue.com/,,distinct_cids,"Separate Google Maps identities; shared signals indicate proximity, management, brand family, or related operations."
"Cariblue Beach and Jungle Resort - Playa Cocles, Puerto Viejo, Limón, Costa Rica",Cocles,hotel,14658668036585456092,Totem Hotel Resort & Restaurant,Cocles,hotel,1478870326467382969,0.262,21.0,within_30m,1,2,shared_signal,+50627500518,+50627500758,https://wa.me/50683141965,,caribluehotel,,https://cariblue.com/,http://www.totemhotel.com/es/,distinct_cids,"Separate Google Maps identities; shared signals indicate proximity, management, brand family, or related operations."
"Caripro Apartments - Playa Negra, Puerto Viejo, Limón, Costa Rica",Playa Negra,vacation_rental,265902149135749003,"Azul Bar and Grill - Playa Negra, Puerto Viejo, Limón, Costa Rica",Playa Negra,restaurant,2898935241958549311,0.278,796.7,phone,1,2,shared_signal,+50627502035,+50627502035,+50662895968,,caripro,azulbarandgrill,,http://azulbeachclub.com/,distinct_cids,"Separate Google Maps identities; shared signals indicate proximity, management, brand family, or related operations."
"Caripro Apartments - Playa Negra, Puerto Viejo, Limón, Costa Rica",Playa Negra,vacation_rental,265902149135749003,"Villas Banana Verde - Playa Negra, Puerto Viejo, Limón, Costa Rica",Playa Negra,vacation_rental,3491417544238941664,0.162,823.8,phone,1,2,shared_signal,+50627502035,+50627502035,+50662895968,,caripro,,,https://www.bananaazul.com/rooms?utm_source=google-mybusiness&utm_medium=direct-link&utm_campaign=g-mybusiness&utm_id=g-mybusiness,distinct_cids,"Separate Google Maps identities; shared signals indicate proximity, management, brand family, or related operations."
"Casa Galim Beach House - Playa Negra, Puerto Viejo, Limón, Costa Rica",Playa Negra,vacation_rental,4046132343523405394,"Casa Luna Beach House - Playa Negra, Puerto Viejo, Limón, Costa Rica",Playa Negra,vacation_rental,1455817631417694421,0.837,1708.1,name>=0.82,1,2,shared_signal,+50627500224,,,,casa_galim_beach_house,casalunabeachhouse,,,distinct_cids,"Separate Google Maps identities; shared signals indicate proximity, management, brand family, or related operations."
"Casa Jungle Love - Playa Chiquita, Puerto Viejo, Limón, Costa Rica",Playa Chiquita,vacation_rental,14093799972335896635,RISE Puerto Viejo,Puerto Viejo,real_estate,10602615161199468109,0.364,4941.4,whatsapp,1,2,shared_signal,+50662422403,+50683667578,https://wa.me/50664614110,https://api.whatsapp.com/send?phone=50664614110,,,http://crystaljunglevilla.com/,http://risecaribe.com/,distinct_cids,"Separate Google Maps identities; shared signals indicate proximity, management, brand family, or related operations."
"Casa Namaitamí - Cahuita, Limón, Costa Rica",Cahuita,vacation_rental,8825947300590124587,"Three Monkeys - Cahuita, Limón, Costa Rica",Cahuita,vacation_rental,6474159768299184830,0.074,,phone,1,2,shared_signal,+50660089241,+50660089241,,,,,,,distinct_cids,"Separate Google Maps identities; shared signals indicate proximity, management, brand family, or related operations."
"Casa Osos Caribeños - Playa Chiquita, Puerto Viejo, Limón, Costa Rica",Playa Chiquita,vacation_rental,6876276989579196961,"Casa Namaitamí - Cahuita, Limón, Costa Rica",Cahuita,vacation_rental,8825947300590124587,0.424,,phone,1,2,shared_signal,+50660089241,+50660089241,,,casa_osos_caribeos,,,,distinct_cids,"Separate Google Maps identities; shared signals indicate proximity, management, brand family, or related operations."
"Casa Osos Caribeños - Playa Chiquita, Puerto Viejo, Limón, Costa Rica",Playa Chiquita,vacation_rental,6876276989579196961,"Three Monkeys - Cahuita, Limón, Costa Rica",Cahuita,vacation_rental,6474159768299184830,0.062,,phone,1,2,shared_signal,+50660089241,+50660089241,,,casa_osos_caribeos,,,,distinct_cids,"Separate Google Maps identities; shared signals indicate proximity, management, brand family, or related operations."
"Casa Osos Caribeños - Playa Chiquita, Puerto Viejo, Limón, Costa Rica",Playa Chiquita,vacation_rental,6876276989579196961,"Tres Lodge - Playa Chiquita, Puerto Viejo, Limón, Costa Rica",Playa Chiquita,vacation_rental,17306174628636276319,0.207,314.0,phone,1,2,shared_signal,+50660089241,+50660089241,,,casa_osos_caribeos,treslodge,,,distinct_cids,"Separate Google Maps identities; shared signals indicate proximity, management, brand family, or related operations."
"Casa Osos Caribeños - Playa Chiquita, Puerto Viejo, Limón, Costa Rica",Playa Chiquita,vacation_rental,6876276989579196961,Villa Miagoa,Cocles,hotel,8175642157850375308,0.258,514.2,phone,1,2,shared_signal,+50660089241,+60089241,,,casa_osos_caribeos,,,https://miagoa.com/,distinct_cids,"Separate Google Maps identities; shared signals indicate proximity, management, brand family, or related operations."
"Casa Roble de Playa Negra - Playa Negra, Puerto Viejo, Limón, Costa Rica",Playa Negra,vacation_rental,1214008658533978760,"El Jardin de Playa Negra - Playa Negra, Puerto Viejo, Limón, Costa Rica",Playa Negra,vacation_rental,10376714198650196690,0.694,19.6,within_30m,1,2,shared_signal,,+50685558635,,,casarobledeplayanegra,,https://casaroblecr.com,http://www.eljardindeplayanegra.com/,distinct_cids,"Separate Google Maps identities; shared signals indicate proximity, management, brand family, or related operations."
"Casas del Caribe - Playa Chiquita, Puerto Viejo, Limón, Costa Rica",Playa Chiquita,vacation_rental,2489061038640189430,"Casas Del Mar - Manzanillo, Limón, Costa Rica",Manzanillo,vacation_rental,12705395086028222701,0.828,,name>=0.82,1,2,shared_signal,+50627500437,+50683965978,,,casasdelcaribe,casasdelmarmanzanillo,,,distinct_cids,"Separate Google Maps identities; shared signals indicate proximity, management, brand family, or related operations."
"Casitas Mar y Luz - Playa Chiquita, Puerto Viejo, Limón, Costa Rica",Playa Chiquita,hotel,8515965990195848246,Estrellas Cabinas,Puerto Viejo,vacation_rental,,0.353,4838.9,phone,1,2,shared_signal,+50627500686,+27500686,,,casitas_mar,,,http://www.casitasmaryluz.com/,not_duplicate_single_signal,Only one weak or fuzzy signal; names and available identity evidence do not establish the same entity.
Centro Médico Aruma,Puerto Viejo,services,331886285113007367,"Laboratorio Clínico Leysa - Playa Negra, Puerto Viejo, Limón, Costa Rica",Playa Negra,services,9649342109201810481,0.409,73.9,phone,1,2,shared_signal,+50686555082,+50686555082,+50686555082; ,,centromedicoaruma,laboratorioclnicoleysa,,,distinct_cids,"Separate Google Maps identities; shared signals indicate proximity, management, brand family, or related operations."
Chinuk Boutique Hotel,Puerto Viejo,hotel,4032204592829800059,Conga Boutique Hotel,Puerto Viejo,hotel,17817187932984436803,0.829,651.9,name>=0.82,1,2,shared_signal,+50660555149,+50627500681,,+50627500681,,conga_cr,,,distinct_cids,"Separate Google Maps identities; shared signals indicate proximity, management, brand family, or related operations."
Chinuk Boutique Hotel,Puerto Viejo,hotel,4032204592829800059,Hotel Infiniti,Puerto Viejo,hotel,17030940291864121871,0.286,189.8,phone,1,2,shared_signal,+50660555149,+50660555149,,,,,,,distinct_cids,"Separate Google Maps identities; shared signals indicate proximity, management, brand family, or related operations."
"Chiquita Escondida - Playa Chiquita, Puerto Viejo, Limón, Costa Rica",Playa Chiquita,vacation_rental,5961957804184993948,Shenanigans–Eat Drink Dink Drive,Cocles,restaurant,15407971963095007347,0.360,461.0,phone,1,2,shared_signal,+50689568669,+89568669,,,chiquitaescondida,,,https://wahoovacations.com/shenanigans/,distinct_cids,"Separate Google Maps identities; shared signals indicate proximity, management, brand family, or related operations."
Colibri Ecolodge,Puerto Viejo,vacation_rental,656242078778664441,"Manzanillo Caribbean Resort - Manzanillo, Limón, Costa Rica",Manzanillo,hotel,7812100596306456251,0.279,,phone,1,2,shared_signal,+50687741940,+50687741940,,,,manzanilloresortcr,,,distinct_cids,"Separate Google Maps identities; shared signals indicate proximity, management, brand family, or related operations."
"Colono Hone Creek - Hone Creek, Limón, Costa Rica",Hone Creek,shopping,16829552897593145903,"Hone Creek Clinic - Hone Creek, Limón, Costa Rica",Hone Creek,services,8437643615710257437,0.844,177.3,name>=0.82,1,2,shared_signal,+50627131300,+50627568022,,,,honecreekcliniccr,http://www.colonoconstruccion.com/,,distinct_cids,"Separate Google Maps identities; shared signals indicate proximity, management, brand family, or related operations."
"Colono Hone Creek - Hone Creek, Limón, Costa Rica",Hone Creek,shopping,16829552897593145903,"Servicentro Hone Creek - Hone Creek, Limón, Costa Rica",Hone Creek,services,,0.884,522.7,name>=0.82,1,2,shared_signal,+50627131300,,,,,shc,http://www.colonoconstruccion.com/,,not_duplicate_single_signal,Only one weak or fuzzy signal; names and available identity evidence do not establish the same entity.
"Colono Hone Creek - Hone Creek, Limón, Costa Rica",Hone Creek,shopping,16829552897593145903,"Super Negro Hone Creek - Hone Creek, Limón, Costa Rica",Hone Creek,shopping,17530375863814220827,0.863,210.9,name>=0.82,1,2,shared_signal,+50627131300,+50627500154,,,,,http://www.colonoconstruccion.com/,,distinct_cids,"Separate Google Maps identities; shared signals indicate proximity, management, brand family, or related operations."
Conga Boutique Hotel,Puerto Viejo,hotel,17817187932984436803,Olinca Boutique Hotel,Puerto Viejo,hotel,17724938072232701259,0.829,502.7,name>=0.82,1,2,shared_signal,+50627500681,+50622295495,+50627500681,,conga_cr,olincaboutiquehotel,,,distinct_cids,"Separate Google Maps identities; shared signals indicate proximity, management, brand family, or related operations."
Cosmos Puerto Viejo Tattoo,Puerto Viejo,services,12833664519499680091,Puerto Viejo Golf Carts,Puerto Viejo,tour_company,4544300389782328912,0.571,21.5,within_30m,1,2,shared_signal,+50684833243,+50685424377,+50684833243,+50685424377,cosmos.puertoviejotattoo,puertoviejogolf,,https://atvpuertoviejo.com/,distinct_cids,"Separate Google Maps identities; shared signals indicate proximity, management, brand family, or related operations."
Cosmos Puerto Viejo Tattoo,Puerto Viejo,services,12833664519499680091,Puerto Viejo Pharmacy,Puerto Viejo,shopping,3604431449933497569,0.596,8.6,within_30m,1,2,shared_signal,+50684833243,+50627502109,+50684833243,,cosmos.puertoviejotattoo,,,,distinct_cids,"Separate Google Maps identities; shared signals indicate proximity, management, brand family, or related operations."
"Cruz Roja - Bribri, Limón, Costa Rica",Bribri,services,657883797543242654,"OIJ - Bribri, Limón, Costa Rica",Bribri,services,6403317079907227998,0.867,,name>=0.82,1,2,shared_signal,+50627510141,+50627511087,,,,,https://www.cruzroja.or.cr/,https://sitiooij.poder-judicial.go.cr/index.php/oficinas/subdelegaciones-regionales/bribri,distinct_cids,"Separate Google Maps identities; shared signals indicate proximity, management, brand family, or related operations."
"El Nido Jungle Lodge - Playa Chiquita, Puerto Viejo, Limón, Costa Rica",Playa Chiquita,hotel,17996754399669659267,El Tucan Jungle Lodge,Cocles,hotel,2539549004979561790,0.829,2545.0,name>=0.82,1,2,shared_signal,,27500026,+50689152462,,,,,,distinct_cids,"Separate Google Maps identities; shared signals indicate proximity, management, brand family, or related operations."
"Finca Don Litos - Hone Creek, Limón, Costa Rica",Hone Creek,vacation_rental,15727569979150542837,"Kinkaju Tours - Hone Creek, Limón, Costa Rica",Hone Creek,tour_company,3404977970967347049,0.833,3612.3,name>=0.82,1,2,shared_signal,+50685366430,+50685103596,+50685501877,,finca_don_litos,,,,distinct_cids,"Separate Google Maps identities; shared signals indicate proximity, management, brand family, or related operations."
"Gigi Beach - Playa Cocles, Puerto Viejo, Limón, Costa Rica",Cocles,restaurant,6039954764509566896,Lapalapa Beach Front Hotel,Cocles,hotel,10103267938150795136,0.333,18.7,within_30m,1,2,shared_signal,+50683832176,+50688178041,,,wearegigibeach,lapalapa_beach_front_hotel_cr,,,distinct_cids,"Separate Google Maps identities; shared signals indicate proximity, management, brand family, or related operations."
Home Naranjo,Cocles,hotel,11804471412549390661,Casa Naranjo,Cocles,hotel,2274466818806698362,0.667,0.0,within_30m,1,2,shared_signal,,,,,,,,,distinct_cids,"Separate Google Maps identities; shared signals indicate proximity, management, brand family, or related operations."
Hotel and Hostel Agapi,Puerto Viejo,hostel,7492180577056289429,Selina Hostel Puerto Viejo,Puerto Viejo,hostel,6252746693553946796,0.542,32.5,phone,1,2,shared_signal,+50688727230,88727230,,,agapi.pv,,,https://selina.com/,distinct_cids,"Separate Google Maps identities; shared signals indicate proximity, management, brand family, or related operations."
Hotel Pura Vida,Puerto Viejo,hotel,5253894431951431984,Spanish School Pura Vida,Puerto Viejo,services,15049167550943815650,0.667,3638.5,phone,1,2,shared_signal,+50685709768,+50685709768,+50685709768,,hotelpuravida,spanish_school,,,distinct_cids,"Separate Google Maps identities; shared signals indicate proximity, management, brand family, or related operations."
Hotel Tropical,Puerto Viejo,hotel,7969394138081997689,Hotel Posada Nena,Puerto Viejo,hotel,,0.516,33.4,phone,1,2,shared_signal,+50627502064,+50627502064,,,hoteltropical,hotelposadanenacr,https://www.rolfblancke.com/,https://www.posadanena.com/,not_duplicate_single_signal,Only one weak or fuzzy signal; names and available identity evidence do not establish the same entity.
Indalo Hotel Boutique,Puerto Viejo,hotel,4424059130614434174,"Saranda Hotel Boutique - Playa Negra, Puerto Viejo, Limón, Costa Rica",Playa Negra,hotel,7564004912244932325,0.837,2187.3,name>=0.82,1,2,shared_signal,+50627500826,+50683479333,,,indalohotelboutique,sarandaboutiquehotel,,,distinct_cids,"Separate Google Maps identities; shared signals indicate proximity, management, brand family, or related operations."
"Jaguar Inn Bungalows - Playa Chiquita, Puerto Viejo, Limón, Costa Rica",Playa Chiquita,hotel,4375569377161762321,"La Ceiba Nature Reserve - Playa Punta Uva, Puerto Viejo, Limón, Costa Rica",Punta Uva,hotel,,0.233,3532.4,phone,1,2,shared_signal,+50627500710,+50627500710,,,jaguarinnbungalowscr,la_cr,,,not_duplicate_single_signal,Only one weak or fuzzy signal; names and available identity evidence do not establish the same entity.
"Jaguar Inn Bungalows - Playa Chiquita, Puerto Viejo, Limón, Costa Rica",Playa Chiquita,hotel,4375569377161762321,Refugio de animales Jaguar,Cocles,tour_company,,0.261,40.2,phone,1,2,shared_signal,+50627500710,+50627500710,,,jaguarinnbungalowscr,jaguarrescuecentercr,,https://www.jaguarrescue.foundation/,not_duplicate_single_signal,Only one weak or fuzzy signal; names and available identity evidence do not establish the same entity.
KOKi Beach,Puerto Viejo,restaurant,94575443808973745,Beach Hut,Puerto Viejo,hotel,16042642729582706568,0.526,29.0,within_30m,1,2,shared_signal,+50685059191,+50627500895,+50685059191,,kokibeach,beach_hut,https://www.tripadvisor.com/Restaurant_Review-g309265-d1593118-Reviews-KOKi_Beach_Restaurant_Bar-Puerto_Viejo_de_Talamanca_Province_of_Limon.html,,distinct_cids,"Separate Google Maps identities; shared signals indicate proximity, management, brand family, or related operations."
"La Ceiba Nature Reserve - Playa Punta Uva, Puerto Viejo, Limón, Costa Rica",Punta Uva,hotel,,"Jaguar Rescue Center - Playa Chiquita, Puerto Viejo, Limón, Costa Rica",Playa Chiquita,tour_company,9435208628058025334,0.419,3534.0,phone,1,2,shared_signal,+50627500710,+50627500710,,,la_cr,jaguarrescuecentercr,,,not_duplicate_single_signal,Only one weak or fuzzy signal; names and available identity evidence do not establish the same entity.
"La Ceiba Nature Reserve - Playa Punta Uva, Puerto Viejo, Limón, Costa Rica",Punta Uva,hotel,,Refugio de animales Jaguar,Cocles,tour_company,,0.245,3537.8,phone,1,2,shared_signal,+50627500710,+50627500710,,,la_cr,jaguarrescuecentercr,,https://www.jaguarrescue.foundation/,not_duplicate_single_signal,Only one weak or fuzzy signal; names and available identity evidence do not establish the same entity.
"Le Caméléon - Playa Cocles, Puerto Viejo, Limón, Costa Rica",Cocles,hotel,4837747133838124638,Vista Verde,Puerto Viejo,hotel,5511726850680415410,0.182,2708.7,phone,1,2,shared_signal,+50627500501,+27500501,,,le_cr,,https://www.lecameleonhotel.com/,https://www.booking.com/hotel/cr/vista-verde.en-gb.html?aid=356980,distinct_cids,"Separate Google Maps identities; shared signals indicate proximity, management, brand family, or related operations."
Puerto Viejo Bike Rentals,Puerto Viejo,services,8630472141589888435,Elena De Luca Studio,Puerto Viejo,services,4794006171803715674,0.222,1855.0,phone,1,2,shared_signal,+50672647530,+50672647530,,+50672647530,puertoviejobikerentals,elenadelucastudio,,,distinct_cids,"Separate Google Maps identities; shared signals indicate proximity, management, brand family, or related operations."
Puerto Viejo Dogs,Puerto Viejo,services,11794143091262296476,Clínica Veterinaria Arroyo y Solano,Puerto Viejo,services,15400950969629438728,0.231,13283.7,phone,1,2,shared_signal,+50627568306,+50627568306,+50685254863,,puertoviejodogs,clnica,,,distinct_cids,"Separate Google Maps identities; shared signals indicate proximity, management, brand family, or related operations."
Puerto Viejo Farmers and Artisans Market,Puerto Viejo,shopping,3462379184645189350,Casa de la Cultura,Puerto Viejo,services,8404229099084152409,0.207,37.0,phone,1,2,shared_signal,+50627500883,+50627500883,,,pvfarmersmarket,casadelaculturapv,,,distinct_cids,"Separate Google Maps identities; shared signals indicate proximity, management, brand family, or related operations."
"Puerto Viejo Police Station - Playa Negra, Puerto Viejo, Limón, Costa Rica",Playa Negra,services,9360864736049190713,Puerto Viejo Police Town Station,Puerto Viejo,services,2262025233079404899,0.915,2901.5,name>=0.82,1,2,shared_signal,+50627500230,,,,,puertoviejopolicetownstation,,,distinct_cids,"Separate Google Maps identities; shared signals indicate proximity, management, brand family, or related operations."
"Que Quilombo - Playa Chiquita, Puerto Viejo, Limón, Costa Rica",Playa Chiquita,restaurant,16434729007440247088,"La Ruedita - Playa Chiquita, Puerto Viejo, Limón, Costa Rica",Playa Chiquita,restaurant,1919422794756532278,0.273,1215.4,phone,1,2,shared_signal,+50660280423,+50660280423,,+50660280423,quequilombo.cr,la_ruedita_cr,https://www.tripadvisor.com/Restaurant_Review-g12673094-d15644592-Reviews-Que_Quilombo-Playa_Chiquita_Puerto_Viejo_de_Talamanca_Province_of_Limon.html,,distinct_cids,"Separate Google Maps identities; shared signals indicate proximity, management, brand family, or related operations."
"Rancho Tranquilo - Hone Creek, Limón, Costa Rica",Hone Creek,hotel,3497932895823071906,"Cacao Trails Bole - Hone Creek, Limón, Costa Rica",Hone Creek,tour_company,904701918920547958,0.854,1967.7,name>=0.82,1,2,shared_signal,+50627568198,+50627568186,+50683420647,,rt_hospedaje,cacaotrailsbole,,,distinct_cids,"Separate Google Maps identities; shared signals indicate proximity, management, brand family, or related operations."
Restaurante Bar Tamara,Puerto Viejo,restaurant,4015454567044906676,Restaurante Riquísimo,Puerto Viejo,restaurant,9970954456776975626,0.651,16.6,within_30m,1,2,shared_signal,,+50627500367,,,tamararestaurante,riqusimo,https://www.tripadvisor.com/Restaurant_Review-g309265-d2316363-Reviews-Restaurante_Tamara-Puerto_Viejo_de_Talamanca_Province_of_Limon.html,https://www.tripadvisor.com/Restaurant_Review-g309265-d4163712-Reviews-Soda_riquisimo-Puerto_Viejo_de_Talamanca_Province_of_Limon.html,distinct_cids,"Separate Google Maps identities; shared signals indicate proximity, management, brand family, or related operations."
"Shawandha Lodge - Playa Chiquita, Puerto Viejo, Limón, Costa Rica",Playa Chiquita,hotel,11584809782208466783,El Faro 13,Puerto Viejo,hostel,3318057307050382237,0.160,4641.2,phone,1,2,shared_signal,+50627500018,+27500018,,,,hostelworld,,https://www.hostelworld.com/es/albergues/p/100822/el-faro-13-de-puerto-viejo/,distinct_cids,"Separate Google Maps identities; shared signals indicate proximity, management, brand family, or related operations."
"Soda Chang - Sixaola, Limón, Costa Rica",Sixaola,restaurant,12096131897059550769,"Soda Marta - Sixaola, Limón, Costa Rica",Sixaola,restaurant,17548396689353983180,0.886,,name>=0.82,1,2,shared_signal,,+50670406944,,,,,,,distinct_cids,"Separate Google Maps identities; shared signals indicate proximity, management, brand family, or related operations."
"Super Negro Hone Creek - Hone Creek, Limón, Costa Rica",Hone Creek,shopping,17530375863814220827,"Servicentro Hone Creek - Hone Creek, Limón, Costa Rica",Hone Creek,services,,0.900,321.2,name>=0.82,1,2,shared_signal,+50627500154,,,,,shc,,,not_duplicate_single_signal,Only one weak or fuzzy signal; names and available identity evidence do not establish the same entity.
"Tasty Dayz Hostel - Playa Cocles, Puerto Viejo, Limón, Costa Rica",Cocles,hostel,8755282126859435083,Mi Casa Hostel y Hotel El Tesoro,Cocles,hotel,13125604731849220414,0.408,33.7,phone,1,2,shared_signal,+50627500128,+50627500128,+50684831022,,tastydayz,mi_casa_hostel_y_hotel_el_tesoro,https://www.tastydayz.com/,,distinct_cids,"Separate Google Maps identities; shared signals indicate proximity, management, brand family, or related operations."
"Terrazas del Caribe - Playa Cocles, Puerto Viejo, Limón, Costa Rica",Cocles,vacation_rental,15602414082115305191,"Villas Lomas del Caribe - Playa Cocles, Puerto Viejo, Limón, Costa Rica",Cocles,vacation_rental,8862541351972983241,0.667,2305.9,phone,1,2,shared_signal,+50627503084,+50627503084,,,terrazasdelcaribehotel,lomasdelcaribevillas,,,distinct_cids,"Separate Google Maps identities; shared signals indicate proximity, management, brand family, or related operations."
"Tres Lodge - Playa Chiquita, Puerto Viejo, Limón, Costa Rica",Playa Chiquita,vacation_rental,17306174628636276319,"Casa Namaitamí - Cahuita, Limón, Costa Rica",Cahuita,vacation_rental,8825947300590124587,0.083,,phone,1,2,shared_signal,+50660089241,+50660089241,,,treslodge,,,,distinct_cids,"Separate Google Maps identities; shared signals indicate proximity, management, brand family, or related operations."
"Tres Lodge - Playa Chiquita, Puerto Viejo, Limón, Costa Rica",Playa Chiquita,vacation_rental,17306174628636276319,"Three Monkeys - Cahuita, Limón, Costa Rica",Cahuita,vacation_rental,6474159768299184830,0.348,,phone,1,2,shared_signal,+50660089241,+50660089241,,,treslodge,,,,distinct_cids,"Separate Google Maps identities; shared signals indicate proximity, management, brand family, or related operations."
"Tres Lodge - Playa Chiquita, Puerto Viejo, Limón, Costa Rica",Playa Chiquita,vacation_rental,17306174628636276319,Villa Miagoa,Cocles,hotel,8175642157850375308,0.182,662.1,phone,1,2,shared_signal,+50660089241,+60089241,,,treslodge,,,https://miagoa.com/,distinct_cids,"Separate Google Maps identities; shared signals indicate proximity, management, brand family, or related operations."
"Villa Abejita - Playa Negra, Puerto Viejo, Limón, Costa Rica",Playa Negra,vacation_rental,17566723912022559610,"Casa Jungle Love - Playa Chiquita, Puerto Viejo, Limón, Costa Rica",Playa Chiquita,vacation_rental,14093799972335896635,0.207,7014.9,whatsapp,1,2,shared_signal,+50664614110,+50662422403,+50664614110,https://wa.me/50664614110,villaabejita,,https://www.decolar.com/hoteis/h-6215541,http://crystaljunglevilla.com/,distinct_cids,"Separate Google Maps identities; shared signals indicate proximity, management, brand family, or related operations."
"Villa Abejita - Playa Negra, Puerto Viejo, Limón, Costa Rica",Playa Negra,vacation_rental,17566723912022559610,RISE Puerto Viejo,Puerto Viejo,real_estate,10602615161199468109,0.267,2190.4,whatsapp,1,2,shared_signal,+50664614110,+50683667578,+50664614110,https://api.whatsapp.com/send?phone=50664614110,villaabejita,,https://www.decolar.com/hoteis/h-6215541,http://risecaribe.com/,distinct_cids,"Separate Google Maps identities; shared signals indicate proximity, management, brand family, or related operations."
"Villa Abejita - Playa Negra, Puerto Viejo, Limón, Costa Rica",Playa Negra,vacation_rental,17566723912022559610,"Villa Elita - Playa Cocles, Puerto Viejo, Limón, Costa Rica",Cocles,vacation_rental,3811950339808245976,0.833,4624.6,name>=0.82,1,2,shared_signal,+50664614110,+50687054250,+50664614110,,villaabejita,villaelita,https://www.decolar.com/hoteis/h-6215541,,distinct_cids,"Separate Google Maps identities; shared signals indicate proximity, management, brand family, or related operations."
"Villa del Mito - Playa Negra, Puerto Viejo, Limón, Costa Rica",Playa Negra,vacation_rental,3772885646337615062,"Casa Jungle Love - Playa Chiquita, Puerto Viejo, Limón, Costa Rica",Playa Chiquita,vacation_rental,14093799972335896635,0.333,7037.4,whatsapp,1,2,shared_signal,+50664614110,+50662422403,+50664614110,https://wa.me/50664614110,mito,,,http://crystaljunglevilla.com/,distinct_cids,"Separate Google Maps identities; shared signals indicate proximity, management, brand family, or related operations."
"Villa del Mito - Playa Negra, Puerto Viejo, Limón, Costa Rica",Playa Negra,vacation_rental,3772885646337615062,RISE Puerto Viejo,Puerto Viejo,real_estate,10602615161199468109,0.258,2265.6,whatsapp,1,2,shared_signal,+50664614110,+50683667578,+50664614110,https://api.whatsapp.com/send?phone=50664614110,mito,,,http://risecaribe.com/,distinct_cids,"Separate Google Maps identities; shared signals indicate proximity, management, brand family, or related operations."
"Villa Elita - Playa Cocles, Puerto Viejo, Limón, Costa Rica",Cocles,vacation_rental,3811950339808245976,"Caribe Horse Riding Club - Playa Cocles, Puerto Viejo, Limón, Costa Rica",Cocles,tour_company,13961717934939865032,0.114,784.2,phone,1,2,shared_signal,+50687054250,+50687054250,,+50687054250,villaelita,caribe_cr,,,distinct_cids,"Separate Google Maps identities; shared signals indicate proximity, management, brand family, or related operations."
Villa Kandulu,Playa Negra,hotel,13333726585970395954,Villa Khalú,Puerto Viejo,hotel,6245678151143547198,0.833,3683.6,name>=0.82,1,2,shared_signal,+64259581,,+50664259581,,kandulu,,https://www.instagram.com/villaskandulucr/,,distinct_cids,"Separate Google Maps identities; shared signals indicate proximity, management, brand family, or related operations."
Villa Miagoa,Cocles,hotel,8175642157850375308,"Casa Namaitamí - Cahuita, Limón, Costa Rica",Cahuita,vacation_rental,8825947300590124587,0.308,,phone,1,2,shared_signal,+60089241,+50660089241,,,,,https://miagoa.com/,,distinct_cids,"Separate Google Maps identities; shared signals indicate proximity, management, brand family, or related operations."
Villa Miagoa,Cocles,hotel,8175642157850375308,"Three Monkeys - Cahuita, Limón, Costa Rica",Cahuita,vacation_rental,6474159768299184830,0.240,,phone,1,2,shared_signal,+60089241,+50660089241,,,,,https://miagoa.com/,,distinct_cids,"Separate Google Maps identities; shared signals indicate proximity, management, brand family, or related operations."
Villa Miagoa,Cocles,hotel,8175642157850375308,"Villa Mango - Cahuita, Limón, Costa Rica",Cahuita,vacation_rental,14486288414847239493,0.870,,name>=0.82,1,2,shared_signal,+60089241,+50683701469,,+50683701469,,,https://miagoa.com/,,distinct_cids,"Separate Google Maps identities; shared signals indicate proximity, management, brand family, or related operations."
"Villa Soleil et Paquerette - Playa Punta Uva, Puerto Viejo, Limón, Costa Rica",Punta Uva,vacation_rental,14170683448288584492,"Ecolavacar del Caribe - Hone Creek, Limón, Costa Rica",Hone Creek,services,14899315700978366356,0.320,11066.5,phone,1,2,shared_signal,+50663487049,+50663487049,,,soleil_paquerette,,,,distinct_cids,"Separate Google Maps identities; shared signals indicate proximity, management, brand family, or related operations."
"Villas Banana Verde - Playa Negra, Puerto Viejo, Limón, Costa Rica",Playa Negra,vacation_rental,3491417544238941664,"Azul Bar and Grill - Playa Negra, Puerto Viejo, Limón, Costa Rica",Playa Negra,restaurant,2898935241958549311,0.162,115.3,phone,1,2,shared_signal,+50627502035,+50627502035,,,,azulbarandgrill,https://www.bananaazul.com/rooms?utm_source=google-mybusiness&utm_medium=direct-link&utm_campaign=g-mybusiness&utm_id=g-mybusiness,http://azulbeachclub.com/,distinct_cids,"Separate Google Maps identities; shared signals indicate proximity, management, brand family, or related operations."
"Villas del Caribe - Playa Chiquita, Puerto Viejo, Limón, Costa Rica",Playa Chiquita,hotel,12050033515189885654,"Villas Lomas del Caribe - Playa Cocles, Puerto Viejo, Limón, Costa Rica",Cocles,vacation_rental,8862541351972983241,0.850,821.4,name>=0.82,1,2,shared_signal,+50627500202,+50627503084,,,hotelvillasdelcaribe,lomasdelcaribevillas,http://www.villasdelcaribe.com/,,distinct_cids,"Separate Google Maps identities; shared signals indicate proximity, management, brand family, or related operations."
"Villas del Caribe - Playa Chiquita, Puerto Viejo, Limón, Costa Rica",Playa Chiquita,hotel,12050033515189885654,"Villas Roca del Caribe - Playa Negra, Puerto Viejo, Limón, Costa Rica",Playa Negra,vacation_rental,16891468495061021112,0.872,6332.2,name>=0.82,1,2,shared_signal,+50627500202,+50661859101,,+50661859101,hotelvillasdelcaribe,villasrocadelcaribe,http://www.villasdelcaribe.com/,,distinct_cids,"Separate Google Maps identities; shared signals indicate proximity, management, brand family, or related operations."
"Villas del Caribe - Playa Chiquita, Puerto Viejo, Limón, Costa Rica",Playa Chiquita,hotel,12050033515189885654,"Villas Ríos del Caribe - Playa Negra, Puerto Viejo, Limón, Costa Rica",Playa Negra,vacation_rental,4133532355689727929,0.872,7315.4,name>=0.82,1,2,shared_signal,+50627500202,+50689443302,,+50689443302,hotelvillasdelcaribe,riosdelcaribe,http://www.villasdelcaribe.com/,,distinct_cids,"Separate Google Maps identities; shared signals indicate proximity, management, brand family, or related operations."
"Villas Lomas del Caribe - Playa Cocles, Puerto Viejo, Limón, Costa Rica",Cocles,vacation_rental,8862541351972983241,Caribbean Hill Villas,Cocles,hotel,10446838691217537192,0.273,9.6,within_30m,1,2,shared_signal,+50627503084,+60506088,,https://wa.me/50664365454,lomasdelcaribevillas,,,https://caribbeanhillvillas.com/,distinct_cids,"Separate Google Maps identities; shared signals indicate proximity, management, brand family, or related operations."
"Villas Mapache del Caribe - Playa Negra, Puerto Viejo, Limón, Costa Rica",Playa Negra,vacation_rental,13447229575814168735,"Villas Lomas del Caribe - Playa Cocles, Puerto Viejo, Limón, Costa Rica",Cocles,vacation_rental,8862541351972983241,0.833,5451.8,name>=0.82,1,2,shared_signal,+50685802948,+50627503084,,,villas_mapache,lomasdelcaribevillas,,,distinct_cids,"Separate Google Maps identities; shared signals indicate proximity, management, brand family, or related operations."
"Villas Roca del Caribe - Playa Negra, Puerto Viejo, Limón, Costa Rica",Playa Negra,vacation_rental,16891468495061021112,"Villas Lomas del Caribe - Playa Cocles, Puerto Viejo, Limón, Costa Rica",Cocles,vacation_rental,8862541351972983241,0.889,6425.1,name>=0.82,1,2,shared_signal,+50661859101,+50627503084,+50661859101,,villasrocadelcaribe,lomasdelcaribevillas,,,distinct_cids,"Separate Google Maps identities; shared signals indicate proximity, management, brand family, or related operations."
"Villas Ríos del Caribe - Playa Negra, Puerto Viejo, Limón, Costa Rica",Playa Negra,vacation_rental,4133532355689727929,"Villas Lomas del Caribe - Playa Cocles, Puerto Viejo, Limón, Costa Rica",Cocles,vacation_rental,8862541351972983241,0.889,7412.3,name>=0.82,1,2,shared_signal,+50689443302,+50627503084,+50689443302,,riosdelcaribe,lomasdelcaribevillas,,,distinct_cids,"Separate Google Maps identities; shared signals indicate proximity, management, brand family, or related operations."
"Villas Ríos del Caribe - Playa Negra, Puerto Viejo, Limón, Costa Rica",Playa Negra,vacation_rental,4133532355689727929,"Villas Roca del Caribe - Playa Negra, Puerto Viejo, Limón, Costa Rica",Playa Negra,vacation_rental,16891468495061021112,0.909,987.5,name>=0.82,1,2,shared_signal,+50689443302,+50661859101,+50689443302,+50661859101,riosdelcaribe,villasrocadelcaribe,,,distinct_cids,"Separate Google Maps identities; shared signals indicate proximity, management, brand family, or related operations."
Vista Verde,Puerto Viejo,hotel,5511726850680415410,Blue Dreams Hotel,Playa Negra,hotel,7864989313907649296,0.214,2753.9,phone,1,2,shared_signal,+27500501,+27500501,,,,,https://www.booking.com/hotel/cr/vista-verde.en-gb.html?aid=356980,https://www.lecameleonhotel.com/,distinct_cids,"Separate Google Maps identities; shared signals indicate proximity, management, brand family, or related operations."
